-- --------------------------------------------------------
-- Host:                         127.0.0.1
-- Server version:               11.1.2-MariaDB - mariadb.org binary distribution
-- Server OS:                    Win64
-- HeidiSQL Version:             12.3.0.6589
-- --------------------------------------------------------

/*!40101 SET @OLD_CHARACTER_SET_CLIENT=@@CHARACTER_SET_CLIENT */;
/*!40101 SET NAMES utf8 */;
/*!50503 SET NAMES utf8mb4 */;
/*!40103 SET @OLD_TIME_ZONE=@@TIME_ZONE */;
/*!40103 SET TIME_ZONE='+00:00' */;
/*!40014 SET @OLD_FOREIGN_KEY_CHECKS=@@FOREIGN_KEY_CHECKS, FOREIGN_KEY_CHECKS=0 */;
/*!40101 SET @OLD_SQL_MODE=@@SQL_MODE, SQL_MODE='NO_AUTO_VALUE_ON_ZERO' */;
/*!40111 SET @OLD_SQL_NOTES=@@SQL_NOTES, SQL_NOTES=0 */;


-- Dumping database structure for works
CREATE DATABASE IF NOT EXISTS `works` /*!40100 DEFAULT CHARACTER SET latin1 COLLATE latin1_swedish_ci */;
USE `works`;

-- Dumping structure for table works.address
CREATE TABLE IF NOT EXISTS `address` (
  `add_id` bigint(20) NOT NULL AUTO_INCREMENT,
  `city` varchar(50) DEFAULT NULL,
  `country` smallint(6) DEFAULT NULL CHECK (`country` between 0 and 271),
  `number` varchar(20) DEFAULT NULL,
  `street` varchar(150) DEFAULT NULL,
  `zipcode` varchar(7) DEFAULT NULL,
  PRIMARY KEY (`add_id`)
) ENGINE=InnoDB AUTO_INCREMENT=1030 DEFAULT CHARSET=latin1 COLLATE=latin1_swedish_ci;

-- Dumping data for table works.address: ~1,029 rows (approximately)
INSERT INTO `address` (`add_id`, `city`, `country`, `number`, `street`, `zipcode`) VALUES
	(1, 'HCM', 258, '882', 'Quang Trung', '73240'),
	(2, 'HCM', 258, '276', 'Quang Trung', '70601'),
	(3, 'HCM', 258, '882', 'Quang Trung', '73240'),
	(4, 'HCM', 258, '833', 'Quang Trung', '78814'),
	(5, 'HCM', 258, '269', 'Quang Trung', '78994'),
	(6, 'HCM', 258, '345', 'Quang Trung', '79964'),
	(7, 'HCM', 258, '383', 'Quang Trung', '70362'),
	(8, 'HCM', 258, '182', 'Quang Trung', '71486'),
	(9, 'HCM', 258, '198', 'Quang Trung', '78029'),
	(10, 'HCM', 258, '678', 'Quang Trung', '75338'),
	(11, 'HCM', 258, '198', 'Quang Trung', '78029'),
	(12, 'HCM', 258, '627', 'Quang Trung', '70985'),
	(13, 'HCM', 258, '109', 'Quang Trung', '78561'),
	(14, 'HCM', 258, '394', 'Quang Trung', '75860'),
	(15, 'HCM', 258, '644', 'Quang Trung', '71761'),
	(16, 'HCM', 258, '900', 'Quang Trung', '75475'),
	(17, 'HCM', 258, '410', 'Quang Trung', '70294'),
	(18, 'HCM', 258, '526', 'Quang Trung', '70299'),
	(19, 'HCM', 258, '888', 'Quang Trung', '72304'),
	(20, 'HCM', 258, '353', 'Quang Trung', '77562'),
	(21, 'HCM', 258, '2', 'Quang Trung', '79156'),
	(22, 'HCM', 258, '732', 'Quang Trung', '72633'),
	(23, 'HCM', 258, '866', 'Quang Trung', '70060'),
	(24, 'HCM', 258, '113', 'Quang Trung', '72439'),
	(25, 'HCM', 258, '630', 'Quang Trung', '74354'),
	(26, 'HCM', 258, '279', 'Quang Trung', '72741'),
	(27, 'HCM', 258, '395', 'Quang Trung', '75411'),
	(28, 'HCM', 258, '412', 'Quang Trung', '73354'),
	(29, 'HCM', 258, '593', 'Quang Trung', '70436'),
	(30, 'HCM', 258, '926', 'Quang Trung', '75068'),
	(31, 'HCM', 258, '919', 'Quang Trung', '76716'),
	(32, 'HCM', 258, '650', 'Quang Trung', '73904'),
	(33, 'HCM', 258, '257', 'Quang Trung', '72534'),
	(34, 'HCM', 258, '663', 'Quang Trung', '77223'),
	(35, 'HCM', 258, '616', 'Quang Trung', '73289'),
	(36, 'HCM', 258, '689', 'Quang Trung', '76751'),
	(37, 'HCM', 258, '754', 'Quang Trung', '73471'),
	(38, 'HCM', 258, '656', 'Quang Trung', '72379'),
	(39, 'HCM', 258, '332', 'Quang Trung', '74950'),
	(40, 'HCM', 258, '89', 'Quang Trung', '79734'),
	(41, 'HCM', 258, '98', 'Quang Trung', '77918'),
	(42, 'HCM', 258, '955', 'Quang Trung', '71394'),
	(43, 'HCM', 258, '771', 'Quang Trung', '76711'),
	(44, 'HCM', 258, '10', 'Quang Trung', '74049'),
	(45, 'HCM', 258, '35', 'Quang Trung', '71630'),
	(46, 'HCM', 258, '837', 'Quang Trung', '70549'),
	(47, 'HCM', 258, '532', 'Quang Trung', '74428'),
	(48, 'HCM', 258, '466', 'Quang Trung', '79698'),
	(49, 'HCM', 258, '582', 'Quang Trung', '72564'),
	(50, 'HCM', 258, '797', 'Quang Trung', '73348'),
	(51, 'HCM', 258, '451', 'Quang Trung', '70240'),
	(52, 'HCM', 258, '401', 'Quang Trung', '77223'),
	(53, 'HCM', 258, '90', 'Quang Trung', '72654'),
	(54, 'HCM', 258, '748', 'Quang Trung', '78555'),
	(55, 'HCM', 258, '152', 'Quang Trung', '77236'),
	(56, 'HCM', 258, '235', 'Quang Trung', '70537'),
	(57, 'HCM', 258, '644', 'Quang Trung', '76053'),
	(58, 'HCM', 258, '755', 'Quang Trung', '79342'),
	(59, 'HCM', 258, '749', 'Quang Trung', '73238'),
	(60, 'HCM', 258, '294', 'Quang Trung', '75193'),
	(61, 'HCM', 258, '381', 'Quang Trung', '79403'),
	(62, 'HCM', 258, '680', 'Quang Trung', '77340'),
	(63, 'HCM', 258, '606', 'Quang Trung', '79263'),
	(64, 'HCM', 258, '688', 'Quang Trung', '76244'),
	(65, 'HCM', 258, '108', 'Quang Trung', '74812'),
	(66, 'HCM', 258, '443', 'Quang Trung', '73662'),
	(67, 'HCM', 258, '21', 'Quang Trung', '76623'),
	(68, 'HCM', 258, '191', 'Quang Trung', '76639'),
	(69, 'HCM', 258, '444', 'Quang Trung', '75839'),
	(70, 'HCM', 258, '830', 'Quang Trung', '71703'),
	(71, 'HCM', 258, '211', 'Quang Trung', '71522'),
	(72, 'HCM', 258, '26', 'Quang Trung', '74859'),
	(73, 'HCM', 258, '796', 'Quang Trung', '73604'),
	(74, 'HCM', 258, '240', 'Quang Trung', '71620'),
	(75, 'HCM', 258, '932', 'Quang Trung', '73229'),
	(76, 'HCM', 258, '675', 'Quang Trung', '79312'),
	(77, 'HCM', 258, '456', 'Quang Trung', '72310'),
	(78, 'HCM', 258, '938', 'Quang Trung', '76044'),
	(79, 'HCM', 258, '284', 'Quang Trung', '79232'),
	(80, 'HCM', 258, '75', 'Quang Trung', '73076'),
	(81, 'HCM', 258, '958', 'Quang Trung', '77305'),
	(82, 'HCM', 258, '632', 'Quang Trung', '73888'),
	(83, 'HCM', 258, '984', 'Quang Trung', '75172'),
	(84, 'HCM', 258, '346', 'Quang Trung', '75347'),
	(85, 'HCM', 258, '250', 'Quang Trung', '72955'),
	(86, 'HCM', 258, '678', 'Quang Trung', '74746'),
	(87, 'HCM', 258, '238', 'Quang Trung', '74060'),
	(88, 'HCM', 258, '235', 'Quang Trung', '76519'),
	(89, 'HCM', 258, '207', 'Quang Trung', '71702'),
	(90, 'HCM', 258, '442', 'Quang Trung', '79424'),
	(91, 'HCM', 258, '717', 'Quang Trung', '73559'),
	(92, 'HCM', 258, '46', 'Quang Trung', '79473'),
	(93, 'HCM', 258, '924', 'Quang Trung', '71003'),
	(94, 'HCM', 258, '262', 'Quang Trung', '73873'),
	(95, 'HCM', 258, '585', 'Quang Trung', '73787'),
	(96, 'HCM', 258, '254', 'Quang Trung', '76076'),
	(97, 'HCM', 258, '656', 'Quang Trung', '73399'),
	(98, 'HCM', 258, '348', 'Quang Trung', '73526'),
	(99, 'HCM', 258, '640', 'Quang Trung', '70346'),
	(100, 'HCM', 258, '819', 'Quang Trung', '71567'),
	(101, 'HCM', 258, '428', 'Quang Trung', '70385'),
	(102, 'HCM', 258, '788', 'Quang Trung', '71121'),
	(103, 'HCM', 258, '323', 'Quang Trung', '72815'),
	(104, 'HCM', 258, '377', 'Quang Trung', '73498'),
	(105, 'HCM', 258, '395', 'Quang Trung', '75480'),
	(106, 'HCM', 258, '130', 'Quang Trung', '78047'),
	(107, 'HCM', 258, '929', 'Quang Trung', '73856'),
	(108, 'HCM', 258, '846', 'Quang Trung', '77575'),
	(109, 'HCM', 258, '990', 'Quang Trung', '70312'),
	(110, 'HCM', 258, '245', 'Quang Trung', '78056'),
	(111, 'HCM', 258, '726', 'Quang Trung', '79756'),
	(112, 'HCM', 258, '229', 'Quang Trung', '74153'),
	(113, 'HCM', 258, '32', 'Quang Trung', '76500'),
	(114, 'HCM', 258, '839', 'Quang Trung', '78637'),
	(115, 'HCM', 258, '978', 'Quang Trung', '77005'),
	(116, 'HCM', 258, '801', 'Quang Trung', '72047'),
	(117, 'HCM', 258, '287', 'Quang Trung', '79419'),
	(118, 'HCM', 258, '663', 'Quang Trung', '77063'),
	(119, 'HCM', 258, '90', 'Quang Trung', '73686'),
	(120, 'HCM', 258, '56', 'Quang Trung', '71825'),
	(121, 'HCM', 258, '714', 'Quang Trung', '73046'),
	(122, 'HCM', 258, '469', 'Quang Trung', '77981'),
	(123, 'HCM', 258, '846', 'Quang Trung', '73332'),
	(124, 'HCM', 258, '691', 'Quang Trung', '70975'),
	(125, 'HCM', 258, '208', 'Quang Trung', '70647'),
	(126, 'HCM', 258, '820', 'Quang Trung', '74253'),
	(127, 'HCM', 258, '657', 'Quang Trung', '74287'),
	(128, 'HCM', 258, '754', 'Quang Trung', '70552'),
	(129, 'HCM', 258, '64', 'Quang Trung', '75130'),
	(130, 'HCM', 258, '991', 'Quang Trung', '72288'),
	(131, 'HCM', 258, '612', 'Quang Trung', '70761'),
	(132, 'HCM', 258, '655', 'Quang Trung', '76367'),
	(133, 'HCM', 258, '255', 'Quang Trung', '73398'),
	(134, 'HCM', 258, '350', 'Quang Trung', '73529'),
	(135, 'HCM', 258, '599', 'Quang Trung', '73901'),
	(136, 'HCM', 258, '823', 'Quang Trung', '76966'),
	(137, 'HCM', 258, '981', 'Quang Trung', '71195'),
	(138, 'HCM', 258, '204', 'Quang Trung', '73972'),
	(139, 'HCM', 258, '167', 'Quang Trung', '72848'),
	(140, 'HCM', 258, '933', 'Quang Trung', '71030'),
	(141, 'HCM', 258, '510', 'Quang Trung', '77988'),
	(142, 'HCM', 258, '24', 'Quang Trung', '73818'),
	(143, 'HCM', 258, '839', 'Quang Trung', '77697'),
	(144, 'HCM', 258, '448', 'Quang Trung', '71443'),
	(145, 'HCM', 258, '291', 'Quang Trung', '78294'),
	(146, 'HCM', 258, '888', 'Quang Trung', '76635'),
	(147, 'HCM', 258, '284', 'Quang Trung', '74539'),
	(148, 'HCM', 258, '374', 'Quang Trung', '70619'),
	(149, 'HCM', 258, '957', 'Quang Trung', '74142'),
	(150, 'HCM', 258, '216', 'Quang Trung', '78625'),
	(151, 'HCM', 258, '805', 'Quang Trung', '72512'),
	(152, 'HCM', 258, '59', 'Quang Trung', '75238'),
	(153, 'HCM', 258, '900', 'Quang Trung', '79556'),
	(154, 'HCM', 258, '53', 'Quang Trung', '77251'),
	(155, 'HCM', 258, '157', 'Quang Trung', '77806'),
	(156, 'HCM', 258, '502', 'Quang Trung', '75254'),
	(157, 'HCM', 258, '835', 'Quang Trung', '76845'),
	(158, 'HCM', 258, '226', 'Quang Trung', '76893'),
	(159, 'HCM', 258, '114', 'Quang Trung', '74397'),
	(160, 'HCM', 258, '217', 'Quang Trung', '75639'),
	(161, 'HCM', 258, '367', 'Quang Trung', '72947'),
	(162, 'HCM', 258, '431', 'Quang Trung', '74427'),
	(163, 'HCM', 258, '804', 'Quang Trung', '70461'),
	(164, 'HCM', 258, '963', 'Quang Trung', '73662'),
	(165, 'HCM', 258, '196', 'Quang Trung', '75982'),
	(166, 'HCM', 258, '978', 'Quang Trung', '78862'),
	(167, 'HCM', 258, '19', 'Quang Trung', '78059'),
	(168, 'HCM', 258, '391', 'Quang Trung', '75293'),
	(169, 'HCM', 258, '299', 'Quang Trung', '75933'),
	(170, 'HCM', 258, '341', 'Quang Trung', '72867'),
	(171, 'HCM', 258, '838', 'Quang Trung', '79932'),
	(172, 'HCM', 258, '709', 'Quang Trung', '72476'),
	(173, 'HCM', 258, '601', 'Quang Trung', '71788'),
	(174, 'HCM', 258, '623', 'Quang Trung', '72578'),
	(175, 'HCM', 258, '683', 'Quang Trung', '71838'),
	(176, 'HCM', 258, '983', 'Quang Trung', '73344'),
	(177, 'HCM', 258, '569', 'Quang Trung', '78238'),
	(178, 'HCM', 258, '430', 'Quang Trung', '70379'),
	(179, 'HCM', 258, '164', 'Quang Trung', '75245'),
	(180, 'HCM', 258, '35', 'Quang Trung', '75462'),
	(181, 'HCM', 258, '950', 'Quang Trung', '74755'),
	(182, 'HCM', 258, '250', 'Quang Trung', '78074'),
	(183, 'HCM', 258, '783', 'Quang Trung', '73338'),
	(184, 'HCM', 258, '238', 'Quang Trung', '76103'),
	(185, 'HCM', 258, '35', 'Quang Trung', '73857'),
	(186, 'HCM', 258, '564', 'Quang Trung', '79394'),
	(187, 'HCM', 258, '63', 'Quang Trung', '73524'),
	(188, 'HCM', 258, '144', 'Quang Trung', '72420'),
	(189, 'HCM', 258, '182', 'Quang Trung', '76429'),
	(190, 'HCM', 258, '455', 'Quang Trung', '75876'),
	(191, 'HCM', 258, '472', 'Quang Trung', '74706'),
	(192, 'HCM', 258, '569', 'Quang Trung', '79673'),
	(193, 'HCM', 258, '290', 'Quang Trung', '74435'),
	(194, 'HCM', 258, '35', 'Quang Trung', '77384'),
	(195, 'HCM', 258, '51', 'Quang Trung', '75382'),
	(196, 'HCM', 258, '477', 'Quang Trung', '75421'),
	(197, 'HCM', 258, '700', 'Quang Trung', '78728'),
	(198, 'HCM', 258, '498', 'Quang Trung', '77873'),
	(199, 'HCM', 258, '153', 'Quang Trung', '79098'),
	(200, 'HCM', 258, '789', 'Quang Trung', '79487'),
	(201, 'HCM', 258, '970', 'Quang Trung', '74045'),
	(202, 'HCM', 258, '632', 'Quang Trung', '79148'),
	(203, 'HCM', 258, '263', 'Quang Trung', '76948'),
	(204, 'HCM', 258, '883', 'Quang Trung', '78282'),
	(205, 'HCM', 258, '831', 'Quang Trung', '76510'),
	(206, 'HCM', 258, '177', 'Quang Trung', '77951'),
	(207, 'HCM', 258, '599', 'Quang Trung', '77252'),
	(208, 'HCM', 258, '651', 'Quang Trung', '77216'),
	(209, 'HCM', 258, '704', 'Quang Trung', '75101'),
	(210, 'HCM', 258, '43', 'Quang Trung', '71645'),
	(211, 'HCM', 258, '406', 'Quang Trung', '72308'),
	(212, 'HCM', 258, '655', 'Quang Trung', '75377'),
	(213, 'HCM', 258, '229', 'Quang Trung', '70970'),
	(214, 'HCM', 258, '521', 'Quang Trung', '70495'),
	(215, 'HCM', 258, '845', 'Quang Trung', '70374'),
	(216, 'HCM', 258, '838', 'Quang Trung', '71027'),
	(217, 'HCM', 258, '51', 'Quang Trung', '78877'),
	(218, 'HCM', 258, '603', 'Quang Trung', '71707'),
	(219, 'HCM', 258, '22', 'Quang Trung', '71303'),
	(220, 'HCM', 258, '442', 'Quang Trung', '71033'),
	(221, 'HCM', 258, '574', 'Quang Trung', '78665'),
	(222, 'HCM', 258, '279', 'Quang Trung', '74224'),
	(223, 'HCM', 258, '470', 'Quang Trung', '70881'),
	(224, 'HCM', 258, '227', 'Quang Trung', '72416'),
	(225, 'HCM', 258, '198', 'Quang Trung', '73961'),
	(226, 'HCM', 258, '765', 'Quang Trung', '79126'),
	(227, 'HCM', 258, '676', 'Quang Trung', '71827'),
	(228, 'HCM', 258, '936', 'Quang Trung', '75420'),
	(229, 'HCM', 258, '151', 'Quang Trung', '70949'),
	(230, 'HCM', 258, '172', 'Quang Trung', '72097'),
	(231, 'HCM', 258, '99', 'Quang Trung', '71753'),
	(232, 'HCM', 258, '539', 'Quang Trung', '71870'),
	(233, 'HCM', 258, '481', 'Quang Trung', '72668'),
	(234, 'HCM', 258, '655', 'Quang Trung', '77965'),
	(235, 'HCM', 258, '319', 'Quang Trung', '76218'),
	(236, 'HCM', 258, '633', 'Quang Trung', '73071'),
	(237, 'HCM', 258, '414', 'Quang Trung', '72234'),
	(238, 'HCM', 258, '721', 'Quang Trung', '76594'),
	(239, 'HCM', 258, '55', 'Quang Trung', '70691'),
	(240, 'HCM', 258, '188', 'Quang Trung', '71124'),
	(241, 'HCM', 258, '563', 'Quang Trung', '71235'),
	(242, 'HCM', 258, '114', 'Quang Trung', '70800'),
	(243, 'HCM', 258, '693', 'Quang Trung', '73519'),
	(244, 'HCM', 258, '460', 'Quang Trung', '71547'),
	(245, 'HCM', 258, '656', 'Quang Trung', '70148'),
	(246, 'HCM', 258, '611', 'Quang Trung', '72099'),
	(247, 'HCM', 258, '198', 'Quang Trung', '72449'),
	(248, 'HCM', 258, '806', 'Quang Trung', '70683'),
	(249, 'HCM', 258, '820', 'Quang Trung', '78615'),
	(250, 'HCM', 258, '995', 'Quang Trung', '72878'),
	(251, 'HCM', 258, '379', 'Quang Trung', '78231'),
	(252, 'HCM', 258, '761', 'Quang Trung', '71831'),
	(253, 'HCM', 258, '236', 'Quang Trung', '78639'),
	(254, 'HCM', 258, '723', 'Quang Trung', '70802'),
	(255, 'HCM', 258, '594', 'Quang Trung', '76456'),
	(256, 'HCM', 258, '859', 'Quang Trung', '78666'),
	(257, 'HCM', 258, '556', 'Quang Trung', '70326'),
	(258, 'HCM', 258, '279', 'Quang Trung', '75686'),
	(259, 'HCM', 258, '63', 'Quang Trung', '72645'),
	(260, 'HCM', 258, '265', 'Quang Trung', '75322'),
	(261, 'HCM', 258, '241', 'Quang Trung', '78932'),
	(262, 'HCM', 258, '806', 'Quang Trung', '75807'),
	(263, 'HCM', 258, '487', 'Quang Trung', '76778'),
	(264, 'HCM', 258, '77', 'Quang Trung', '74744'),
	(265, 'HCM', 258, '205', 'Quang Trung', '77882'),
	(266, 'HCM', 258, '872', 'Quang Trung', '72393'),
	(267, 'HCM', 258, '413', 'Quang Trung', '71708'),
	(268, 'HCM', 258, '980', 'Quang Trung', '76268'),
	(269, 'HCM', 258, '865', 'Quang Trung', '77570'),
	(270, 'HCM', 258, '236', 'Quang Trung', '73323'),
	(271, 'HCM', 258, '647', 'Quang Trung', '77018'),
	(272, 'HCM', 258, '595', 'Quang Trung', '77436'),
	(273, 'HCM', 258, '185', 'Quang Trung', '79263'),
	(274, 'HCM', 258, '785', 'Quang Trung', '79861'),
	(275, 'HCM', 258, '928', 'Quang Trung', '72847'),
	(276, 'HCM', 258, '917', 'Quang Trung', '75365'),
	(277, 'HCM', 258, '539', 'Quang Trung', '71889'),
	(278, 'HCM', 258, '577', 'Quang Trung', '72963'),
	(279, 'HCM', 258, '161', 'Quang Trung', '76206'),
	(280, 'HCM', 258, '924', 'Quang Trung', '76575'),
	(281, 'HCM', 258, '773', 'Quang Trung', '78064'),
	(282, 'HCM', 258, '222', 'Quang Trung', '73674'),
	(283, 'HCM', 258, '403', 'Quang Trung', '78819'),
	(284, 'HCM', 258, '573', 'Quang Trung', '76140'),
	(285, 'HCM', 258, '825', 'Quang Trung', '74143'),
	(286, 'HCM', 258, '550', 'Quang Trung', '76233'),
	(287, 'HCM', 258, '283', 'Quang Trung', '77367'),
	(288, 'HCM', 258, '364', 'Quang Trung', '76311'),
	(289, 'HCM', 258, '674', 'Quang Trung', '70730'),
	(290, 'HCM', 258, '416', 'Quang Trung', '71496'),
	(291, 'HCM', 258, '251', 'Quang Trung', '78779'),
	(292, 'HCM', 258, '214', 'Quang Trung', '75320'),
	(293, 'HCM', 258, '675', 'Quang Trung', '71591'),
	(294, 'HCM', 258, '875', 'Quang Trung', '78747'),
	(295, 'HCM', 258, '958', 'Quang Trung', '73162'),
	(296, 'HCM', 258, '674', 'Quang Trung', '78909'),
	(297, 'HCM', 258, '746', 'Quang Trung', '73798'),
	(298, 'HCM', 258, '694', 'Quang Trung', '73150'),
	(299, 'HCM', 258, '682', 'Quang Trung', '76522'),
	(300, 'HCM', 258, '522', 'Quang Trung', '73201'),
	(301, 'HCM', 258, '838', 'Quang Trung', '73939'),
	(302, 'HCM', 258, '183', 'Quang Trung', '73369'),
	(303, 'HCM', 258, '586', 'Quang Trung', '72778'),
	(304, 'HCM', 258, '113', 'Quang Trung', '70984'),
	(305, 'HCM', 258, '566', 'Quang Trung', '79682'),
	(306, 'HCM', 258, '357', 'Quang Trung', '75516'),
	(307, 'HCM', 258, '991', 'Quang Trung', '71156'),
	(308, 'HCM', 258, '401', 'Quang Trung', '74591'),
	(309, 'HCM', 258, '613', 'Quang Trung', '78257'),
	(310, 'HCM', 258, '6', 'Quang Trung', '74354'),
	(311, 'HCM', 258, '807', 'Quang Trung', '71947'),
	(312, 'HCM', 258, '145', 'Quang Trung', '75070'),
	(313, 'HCM', 258, '806', 'Quang Trung', '70392'),
	(314, 'HCM', 258, '775', 'Quang Trung', '75024'),
	(315, 'HCM', 258, '58', 'Quang Trung', '75308'),
	(316, 'HCM', 258, '315', 'Quang Trung', '70616'),
	(317, 'HCM', 258, '870', 'Quang Trung', '75354'),
	(318, 'HCM', 258, '209', 'Quang Trung', '72566'),
	(319, 'HCM', 258, '811', 'Quang Trung', '71040'),
	(320, 'HCM', 258, '403', 'Quang Trung', '76361'),
	(321, 'HCM', 258, '373', 'Quang Trung', '76596'),
	(322, 'HCM', 258, '220', 'Quang Trung', '78748'),
	(323, 'HCM', 258, '148', 'Quang Trung', '74566'),
	(324, 'HCM', 258, '24', 'Quang Trung', '71093'),
	(325, 'HCM', 258, '882', 'Quang Trung', '73243'),
	(326, 'HCM', 258, '426', 'Quang Trung', '76260'),
	(327, 'HCM', 258, '648', 'Quang Trung', '75868'),
	(328, 'HCM', 258, '67', 'Quang Trung', '79566'),
	(329, 'HCM', 258, '602', 'Quang Trung', '70545'),
	(330, 'HCM', 258, '960', 'Quang Trung', '72205'),
	(331, 'HCM', 258, '358', 'Quang Trung', '79542'),
	(332, 'HCM', 258, '167', 'Quang Trung', '76173'),
	(333, 'HCM', 258, '176', 'Quang Trung', '74304'),
	(334, 'HCM', 258, '996', 'Quang Trung', '79325'),
	(335, 'HCM', 258, '620', 'Quang Trung', '78099'),
	(336, 'HCM', 258, '666', 'Quang Trung', '75303'),
	(337, 'HCM', 258, '207', 'Quang Trung', '71260'),
	(338, 'HCM', 258, '431', 'Quang Trung', '74820'),
	(339, 'HCM', 258, '671', 'Quang Trung', '72302'),
	(340, 'HCM', 258, '593', 'Quang Trung', '73944'),
	(341, 'HCM', 258, '101', 'Quang Trung', '70195'),
	(342, 'HCM', 258, '741', 'Quang Trung', '72478'),
	(343, 'HCM', 258, '49', 'Quang Trung', '71481'),
	(344, 'HCM', 258, '401', 'Quang Trung', '75049'),
	(345, 'HCM', 258, '576', 'Quang Trung', '73150'),
	(346, 'HCM', 258, '795', 'Quang Trung', '76880'),
	(347, 'HCM', 258, '363', 'Quang Trung', '74162'),
	(348, 'HCM', 258, '600', 'Quang Trung', '73708'),
	(349, 'HCM', 258, '100', 'Quang Trung', '79072'),
	(350, 'HCM', 258, '391', 'Quang Trung', '74665'),
	(351, 'HCM', 258, '289', 'Quang Trung', '73680'),
	(352, 'HCM', 258, '734', 'Quang Trung', '78350'),
	(353, 'HCM', 258, '963', 'Quang Trung', '72069'),
	(354, 'HCM', 258, '222', 'Quang Trung', '77665'),
	(355, 'HCM', 258, '641', 'Quang Trung', '77462'),
	(356, 'HCM', 258, '997', 'Quang Trung', '70866'),
	(357, 'HCM', 258, '231', 'Quang Trung', '79203'),
	(358, 'HCM', 258, '276', 'Quang Trung', '70203'),
	(359, 'HCM', 258, '594', 'Quang Trung', '72702'),
	(360, 'HCM', 258, '134', 'Quang Trung', '71243'),
	(361, 'HCM', 258, '991', 'Quang Trung', '74235'),
	(362, 'HCM', 258, '618', 'Quang Trung', '77030'),
	(363, 'HCM', 258, '8', 'Quang Trung', '73789'),
	(364, 'HCM', 258, '350', 'Quang Trung', '70097'),
	(365, 'HCM', 258, '661', 'Quang Trung', '77383'),
	(366, 'HCM', 258, '704', 'Quang Trung', '70758'),
	(367, 'HCM', 258, '156', 'Quang Trung', '75732'),
	(368, 'HCM', 258, '171', 'Quang Trung', '77209'),
	(369, 'HCM', 258, '85', 'Quang Trung', '73164'),
	(370, 'HCM', 258, '110', 'Quang Trung', '75582'),
	(371, 'HCM', 258, '225', 'Quang Trung', '72972'),
	(372, 'HCM', 258, '628', 'Quang Trung', '70257'),
	(373, 'HCM', 258, '745', 'Quang Trung', '70392'),
	(374, 'HCM', 258, '275', 'Quang Trung', '77624'),
	(375, 'HCM', 258, '476', 'Quang Trung', '71207'),
	(376, 'HCM', 258, '587', 'Quang Trung', '79296'),
	(377, 'HCM', 258, '893', 'Quang Trung', '78227'),
	(378, 'HCM', 258, '218', 'Quang Trung', '74473'),
	(379, 'HCM', 258, '836', 'Quang Trung', '78196'),
	(380, 'HCM', 258, '157', 'Quang Trung', '74104'),
	(381, 'HCM', 258, '799', 'Quang Trung', '74688'),
	(382, 'HCM', 258, '624', 'Quang Trung', '70753'),
	(383, 'HCM', 258, '34', 'Quang Trung', '77546'),
	(384, 'HCM', 258, '106', 'Quang Trung', '73830'),
	(385, 'HCM', 258, '392', 'Quang Trung', '71660'),
	(386, 'HCM', 258, '387', 'Quang Trung', '78631'),
	(387, 'HCM', 258, '297', 'Quang Trung', '74218'),
	(388, 'HCM', 258, '513', 'Quang Trung', '76895'),
	(389, 'HCM', 258, '98', 'Quang Trung', '76861'),
	(390, 'HCM', 258, '687', 'Quang Trung', '79952'),
	(391, 'HCM', 258, '296', 'Quang Trung', '75632'),
	(392, 'HCM', 258, '321', 'Quang Trung', '74579'),
	(393, 'HCM', 258, '472', 'Quang Trung', '77715'),
	(394, 'HCM', 258, '23', 'Quang Trung', '76024'),
	(395, 'HCM', 258, '701', 'Quang Trung', '73954'),
	(396, 'HCM', 258, '163', 'Quang Trung', '79037'),
	(397, 'HCM', 258, '685', 'Quang Trung', '78201'),
	(398, 'HCM', 258, '929', 'Quang Trung', '79205'),
	(399, 'HCM', 258, '987', 'Quang Trung', '76542'),
	(400, 'HCM', 258, '54', 'Quang Trung', '72160'),
	(401, 'HCM', 258, '691', 'Quang Trung', '79890'),
	(402, 'HCM', 258, '194', 'Quang Trung', '71993'),
	(403, 'HCM', 258, '260', 'Quang Trung', '70606'),
	(404, 'HCM', 258, '580', 'Quang Trung', '75017'),
	(405, 'HCM', 258, '663', 'Quang Trung', '70703'),
	(406, 'HCM', 258, '140', 'Quang Trung', '73263'),
	(407, 'HCM', 258, '650', 'Quang Trung', '77190'),
	(408, 'HCM', 258, '846', 'Quang Trung', '79378'),
	(409, 'HCM', 258, '64', 'Quang Trung', '79878'),
	(410, 'HCM', 258, '211', 'Quang Trung', '76300'),
	(411, 'HCM', 258, '63', 'Quang Trung', '70435'),
	(412, 'HCM', 258, '673', 'Quang Trung', '72668'),
	(413, 'HCM', 258, '943', 'Quang Trung', '74843'),
	(414, 'HCM', 258, '61', 'Quang Trung', '79279'),
	(415, 'HCM', 258, '925', 'Quang Trung', '77356'),
	(416, 'HCM', 258, '231', 'Quang Trung', '70082'),
	(417, 'HCM', 258, '145', 'Quang Trung', '74218'),
	(418, 'HCM', 258, '911', 'Quang Trung', '78880'),
	(419, 'HCM', 258, '548', 'Quang Trung', '79731'),
	(420, 'HCM', 258, '675', 'Quang Trung', '76107'),
	(421, 'HCM', 258, '290', 'Quang Trung', '76618'),
	(422, 'HCM', 258, '362', 'Quang Trung', '73378'),
	(423, 'HCM', 258, '42', 'Quang Trung', '75844'),
	(424, 'HCM', 258, '94', 'Quang Trung', '76728'),
	(425, 'HCM', 258, '689', 'Quang Trung', '74122'),
	(426, 'HCM', 258, '664', 'Quang Trung', '77299'),
	(427, 'HCM', 258, '177', 'Quang Trung', '72115'),
	(428, 'HCM', 258, '766', 'Quang Trung', '73664'),
	(429, 'HCM', 258, '975', 'Quang Trung', '77781'),
	(430, 'HCM', 258, '280', 'Quang Trung', '75146'),
	(431, 'HCM', 258, '617', 'Quang Trung', '71312'),
	(432, 'HCM', 258, '235', 'Quang Trung', '71466'),
	(433, 'HCM', 258, '247', 'Quang Trung', '74272'),
	(434, 'HCM', 258, '765', 'Quang Trung', '73190'),
	(435, 'HCM', 258, '900', 'Quang Trung', '70469'),
	(436, 'HCM', 258, '679', 'Quang Trung', '78513'),
	(437, 'HCM', 258, '894', 'Quang Trung', '77657'),
	(438, 'HCM', 258, '219', 'Quang Trung', '79844'),
	(439, 'HCM', 258, '460', 'Quang Trung', '75606'),
	(440, 'HCM', 258, '785', 'Quang Trung', '76976'),
	(441, 'HCM', 258, '387', 'Quang Trung', '74617'),
	(442, 'HCM', 258, '369', 'Quang Trung', '71257'),
	(443, 'HCM', 258, '490', 'Quang Trung', '71582'),
	(444, 'HCM', 258, '540', 'Quang Trung', '70823'),
	(445, 'HCM', 258, '187', 'Quang Trung', '79569'),
	(446, 'HCM', 258, '244', 'Quang Trung', '70338'),
	(447, 'HCM', 258, '17', 'Quang Trung', '73847'),
	(448, 'HCM', 258, '322', 'Quang Trung', '79074'),
	(449, 'HCM', 258, '757', 'Quang Trung', '75103'),
	(450, 'HCM', 258, '60', 'Quang Trung', '79962'),
	(451, 'HCM', 258, '312', 'Quang Trung', '71393'),
	(452, 'HCM', 258, '692', 'Quang Trung', '72599'),
	(453, 'HCM', 258, '347', 'Quang Trung', '79385'),
	(454, 'HCM', 258, '626', 'Quang Trung', '74146'),
	(455, 'HCM', 258, '270', 'Quang Trung', '73224'),
	(456, 'HCM', 258, '26', 'Quang Trung', '79015'),
	(457, 'HCM', 258, '197', 'Quang Trung', '73103'),
	(458, 'HCM', 258, '830', 'Quang Trung', '78633'),
	(459, 'HCM', 258, '357', 'Quang Trung', '71553'),
	(460, 'HCM', 258, '132', 'Quang Trung', '75979'),
	(461, 'HCM', 258, '878', 'Quang Trung', '70108'),
	(462, 'HCM', 258, '862', 'Quang Trung', '71172'),
	(463, 'HCM', 258, '59', 'Quang Trung', '75355'),
	(464, 'HCM', 258, '101', 'Quang Trung', '71367'),
	(465, 'HCM', 258, '930', 'Quang Trung', '72468'),
	(466, 'HCM', 258, '155', 'Quang Trung', '79893'),
	(467, 'HCM', 258, '315', 'Quang Trung', '79041'),
	(468, 'HCM', 258, '723', 'Quang Trung', '77849'),
	(469, 'HCM', 258, '588', 'Quang Trung', '76294'),
	(470, 'HCM', 258, '507', 'Quang Trung', '77479'),
	(471, 'HCM', 258, '205', 'Quang Trung', '76806'),
	(472, 'HCM', 258, '530', 'Quang Trung', '79769'),
	(473, 'HCM', 258, '267', 'Quang Trung', '72953'),
	(474, 'HCM', 258, '229', 'Quang Trung', '78447'),
	(475, 'HCM', 258, '361', 'Quang Trung', '70294'),
	(476, 'HCM', 258, '740', 'Quang Trung', '78905'),
	(477, 'HCM', 258, '49', 'Quang Trung', '70529'),
	(478, 'HCM', 258, '4', 'Quang Trung', '71659'),
	(479, 'HCM', 258, '775', 'Quang Trung', '76602'),
	(480, 'HCM', 258, '140', 'Quang Trung', '70165'),
	(481, 'HCM', 258, '385', 'Quang Trung', '79274'),
	(482, 'HCM', 258, '789', 'Quang Trung', '78149'),
	(483, 'HCM', 258, '825', 'Quang Trung', '78819'),
	(484, 'HCM', 258, '448', 'Quang Trung', '78211'),
	(485, 'HCM', 258, '728', 'Quang Trung', '72987'),
	(486, 'HCM', 258, '479', 'Quang Trung', '79104'),
	(487, 'HCM', 258, '814', 'Quang Trung', '70540'),
	(488, 'HCM', 258, '739', 'Quang Trung', '70114'),
	(489, 'HCM', 258, '3', 'Quang Trung', '70787'),
	(490, 'HCM', 258, '130', 'Quang Trung', '77256'),
	(491, 'HCM', 258, '162', 'Quang Trung', '70651'),
	(492, 'HCM', 258, '288', 'Quang Trung', '71294'),
	(493, 'HCM', 258, '290', 'Quang Trung', '74461'),
	(494, 'HCM', 258, '37', 'Quang Trung', '72548'),
	(495, 'HCM', 258, '959', 'Quang Trung', '72959'),
	(496, 'HCM', 258, '434', 'Quang Trung', '72072'),
	(497, 'HCM', 258, '175', 'Quang Trung', '77855'),
	(498, 'HCM', 258, '878', 'Quang Trung', '73718'),
	(499, 'HCM', 258, '991', 'Quang Trung', '76562'),
	(500, 'HCM', 258, '217', 'Quang Trung', '77505'),
	(501, 'HCM', 258, '218', 'Quang Trung', '74789'),
	(502, 'HCM', 258, '181', 'Quang Trung', '71559'),
	(503, 'HCM', 258, '720', 'Quang Trung', '75831'),
	(504, 'HCM', 258, '20', 'Quang Trung', '73646'),
	(505, 'HCM', 258, '71', 'Quang Trung', '74761'),
	(506, 'HCM', 258, '537', 'Quang Trung', '78847'),
	(507, 'HCM', 258, '431', 'Quang Trung', '76123'),
	(508, 'HCM', 258, '821', 'Quang Trung', '79076'),
	(509, 'HCM', 258, '289', 'Quang Trung', '75228'),
	(510, 'HCM', 258, '427', 'Quang Trung', '75498'),
	(511, 'HCM', 258, '84', 'Quang Trung', '70374'),
	(512, 'HCM', 258, '614', 'Quang Trung', '79132'),
	(513, 'HCM', 258, '636', 'Quang Trung', '73404'),
	(514, 'HCM', 258, '75', 'Quang Trung', '71026'),
	(515, 'HCM', 258, '929', 'Quang Trung', '70970'),
	(516, 'HCM', 258, '515', 'Quang Trung', '75902'),
	(517, 'HCM', 258, '753', 'Quang Trung', '75951'),
	(518, 'HCM', 258, '852', 'Quang Trung', '73755'),
	(519, 'HCM', 258, '190', 'Quang Trung', '78401'),
	(520, 'HCM', 258, '912', 'Quang Trung', '74585'),
	(521, 'HCM', 258, '593', 'Quang Trung', '79590'),
	(522, 'HCM', 258, '921', 'Quang Trung', '71504'),
	(523, 'HCM', 258, '105', 'Quang Trung', '74066'),
	(524, 'HCM', 258, '257', 'Quang Trung', '72072'),
	(525, 'HCM', 258, '604', 'Quang Trung', '74202'),
	(526, 'HCM', 258, '973', 'Quang Trung', '74089'),
	(527, 'HCM', 258, '450', 'Quang Trung', '72059'),
	(528, 'HCM', 258, '191', 'Quang Trung', '76765'),
	(529, 'HCM', 258, '541', 'Quang Trung', '73248'),
	(530, 'HCM', 258, '253', 'Quang Trung', '79416'),
	(531, 'HCM', 258, '306', 'Quang Trung', '74951'),
	(532, 'HCM', 258, '856', 'Quang Trung', '73640'),
	(533, 'HCM', 258, '97', 'Quang Trung', '73639'),
	(534, 'HCM', 258, '591', 'Quang Trung', '70917'),
	(535, 'HCM', 258, '389', 'Quang Trung', '74648'),
	(536, 'HCM', 258, '579', 'Quang Trung', '78527'),
	(537, 'HCM', 258, '598', 'Quang Trung', '70006'),
	(538, 'HCM', 258, '850', 'Quang Trung', '77880'),
	(539, 'HCM', 258, '692', 'Quang Trung', '70668'),
	(540, 'HCM', 258, '152', 'Quang Trung', '79142'),
	(541, 'HCM', 258, '20', 'Quang Trung', '79426'),
	(542, 'HCM', 258, '525', 'Quang Trung', '78206'),
	(543, 'HCM', 258, '128', 'Quang Trung', '76907'),
	(544, 'HCM', 258, '932', 'Quang Trung', '76343'),
	(545, 'HCM', 258, '638', 'Quang Trung', '72677'),
	(546, 'HCM', 258, '731', 'Quang Trung', '79585'),
	(547, 'HCM', 258, '797', 'Quang Trung', '77701'),
	(548, 'HCM', 258, '530', 'Quang Trung', '74041'),
	(549, 'HCM', 258, '29', 'Quang Trung', '74919'),
	(550, 'HCM', 258, '734', 'Quang Trung', '74179'),
	(551, 'HCM', 258, '348', 'Quang Trung', '75719'),
	(552, 'HCM', 258, '178', 'Quang Trung', '76924'),
	(553, 'HCM', 258, '991', 'Quang Trung', '76359'),
	(554, 'HCM', 258, '785', 'Quang Trung', '77026'),
	(555, 'HCM', 258, '461', 'Quang Trung', '79270'),
	(556, 'HCM', 258, '506', 'Quang Trung', '70793'),
	(557, 'HCM', 258, '296', 'Quang Trung', '76465'),
	(558, 'HCM', 258, '359', 'Quang Trung', '70661'),
	(559, 'HCM', 258, '624', 'Quang Trung', '76864'),
	(560, 'HCM', 258, '36', 'Quang Trung', '76118'),
	(561, 'HCM', 258, '496', 'Quang Trung', '72152'),
	(562, 'HCM', 258, '407', 'Quang Trung', '70475'),
	(563, 'HCM', 258, '568', 'Quang Trung', '72177'),
	(564, 'HCM', 258, '910', 'Quang Trung', '71070'),
	(565, 'HCM', 258, '828', 'Quang Trung', '78587'),
	(566, 'HCM', 258, '418', 'Quang Trung', '77969'),
	(567, 'HCM', 258, '492', 'Quang Trung', '73546'),
	(568, 'HCM', 258, '690', 'Quang Trung', '74284'),
	(569, 'HCM', 258, '18', 'Quang Trung', '70531'),
	(570, 'HCM', 258, '285', 'Quang Trung', '75259'),
	(571, 'HCM', 258, '146', 'Quang Trung', '72346'),
	(572, 'HCM', 258, '935', 'Quang Trung', '79055'),
	(573, 'HCM', 258, '847', 'Quang Trung', '78578'),
	(574, 'HCM', 258, '742', 'Quang Trung', '79896'),
	(575, 'HCM', 258, '158', 'Quang Trung', '78616'),
	(576, 'HCM', 258, '677', 'Quang Trung', '73013'),
	(577, 'HCM', 258, '133', 'Quang Trung', '73780'),
	(578, 'HCM', 258, '537', 'Quang Trung', '79474'),
	(579, 'HCM', 258, '16', 'Quang Trung', '74117'),
	(580, 'HCM', 258, '969', 'Quang Trung', '70659'),
	(581, 'HCM', 258, '588', 'Quang Trung', '71072'),
	(582, 'HCM', 258, '638', 'Quang Trung', '77978'),
	(583, 'HCM', 258, '173', 'Quang Trung', '71086'),
	(584, 'HCM', 258, '735', 'Quang Trung', '70170'),
	(585, 'HCM', 258, '990', 'Quang Trung', '71303'),
	(586, 'HCM', 258, '4', 'Quang Trung', '70254'),
	(587, 'HCM', 258, '631', 'Quang Trung', '73190'),
	(588, 'HCM', 258, '686', 'Quang Trung', '72915'),
	(589, 'HCM', 258, '907', 'Quang Trung', '70882'),
	(590, 'HCM', 258, '599', 'Quang Trung', '76821'),
	(591, 'HCM', 258, '779', 'Quang Trung', '73406'),
	(592, 'HCM', 258, '510', 'Quang Trung', '73714'),
	(593, 'HCM', 258, '393', 'Quang Trung', '77270'),
	(594, 'HCM', 258, '252', 'Quang Trung', '72240'),
	(595, 'HCM', 258, '700', 'Quang Trung', '71999'),
	(596, 'HCM', 258, '155', 'Quang Trung', '78453'),
	(597, 'HCM', 258, '183', 'Quang Trung', '73394'),
	(598, 'HCM', 258, '425', 'Quang Trung', '72346'),
	(599, 'HCM', 258, '581', 'Quang Trung', '79789'),
	(600, 'HCM', 258, '210', 'Quang Trung', '78387'),
	(601, 'HCM', 258, '814', 'Quang Trung', '73550'),
	(602, 'HCM', 258, '471', 'Quang Trung', '71144'),
	(603, 'HCM', 258, '911', 'Quang Trung', '73013'),
	(604, 'HCM', 258, '861', 'Quang Trung', '77504'),
	(605, 'HCM', 258, '774', 'Quang Trung', '78429'),
	(606, 'HCM', 258, '640', 'Quang Trung', '72184'),
	(607, 'HCM', 258, '454', 'Quang Trung', '76702'),
	(608, 'HCM', 258, '993', 'Quang Trung', '71207'),
	(609, 'HCM', 258, '424', 'Quang Trung', '75290'),
	(610, 'HCM', 258, '704', 'Quang Trung', '71268'),
	(611, 'HCM', 258, '825', 'Quang Trung', '71242'),
	(612, 'HCM', 258, '37', 'Quang Trung', '74974'),
	(613, 'HCM', 258, '958', 'Quang Trung', '77613'),
	(614, 'HCM', 258, '956', 'Quang Trung', '70718'),
	(615, 'HCM', 258, '155', 'Quang Trung', '78709'),
	(616, 'HCM', 258, '203', 'Quang Trung', '71780'),
	(617, 'HCM', 258, '567', 'Quang Trung', '73365'),
	(618, 'HCM', 258, '546', 'Quang Trung', '72788'),
	(619, 'HCM', 258, '980', 'Quang Trung', '77875'),
	(620, 'HCM', 258, '841', 'Quang Trung', '74260'),
	(621, 'HCM', 258, '706', 'Quang Trung', '76510'),
	(622, 'HCM', 258, '723', 'Quang Trung', '74556'),
	(623, 'HCM', 258, '789', 'Quang Trung', '78580'),
	(624, 'HCM', 258, '210', 'Quang Trung', '71441'),
	(625, 'HCM', 258, '145', 'Quang Trung', '74523'),
	(626, 'HCM', 258, '269', 'Quang Trung', '79463'),
	(627, 'HCM', 258, '765', 'Quang Trung', '76514'),
	(628, 'HCM', 258, '358', 'Quang Trung', '78026'),
	(629, 'HCM', 258, '33', 'Quang Trung', '76348'),
	(630, 'HCM', 258, '255', 'Quang Trung', '71921'),
	(631, 'HCM', 258, '316', 'Quang Trung', '75296'),
	(632, 'HCM', 258, '785', 'Quang Trung', '74471'),
	(633, 'HCM', 258, '97', 'Quang Trung', '79720'),
	(634, 'HCM', 258, '392', 'Quang Trung', '72398'),
	(635, 'HCM', 258, '202', 'Quang Trung', '77260'),
	(636, 'HCM', 258, '161', 'Quang Trung', '73881'),
	(637, 'HCM', 258, '860', 'Quang Trung', '70162'),
	(638, 'HCM', 258, '241', 'Quang Trung', '75085'),
	(639, 'HCM', 258, '889', 'Quang Trung', '78540'),
	(640, 'HCM', 258, '370', 'Quang Trung', '75565'),
	(641, 'HCM', 258, '407', 'Quang Trung', '71671'),
	(642, 'HCM', 258, '788', 'Quang Trung', '71655'),
	(643, 'HCM', 258, '408', 'Quang Trung', '73955'),
	(644, 'HCM', 258, '962', 'Quang Trung', '78055'),
	(645, 'HCM', 258, '945', 'Quang Trung', '70716'),
	(646, 'HCM', 258, '197', 'Quang Trung', '75055'),
	(647, 'HCM', 258, '839', 'Quang Trung', '73372'),
	(648, 'HCM', 258, '312', 'Quang Trung', '72169'),
	(649, 'HCM', 258, '191', 'Quang Trung', '72866'),
	(650, 'HCM', 258, '71', 'Quang Trung', '70339'),
	(651, 'HCM', 258, '969', 'Quang Trung', '78012'),
	(652, 'HCM', 258, '263', 'Quang Trung', '72156'),
	(653, 'HCM', 258, '635', 'Quang Trung', '74261'),
	(654, 'HCM', 258, '949', 'Quang Trung', '72040'),
	(655, 'HCM', 258, '856', 'Quang Trung', '79283'),
	(656, 'HCM', 258, '558', 'Quang Trung', '72149'),
	(657, 'HCM', 258, '999', 'Quang Trung', '72439'),
	(658, 'HCM', 258, '860', 'Quang Trung', '70176'),
	(659, 'HCM', 258, '848', 'Quang Trung', '76778'),
	(660, 'HCM', 258, '583', 'Quang Trung', '78032'),
	(661, 'HCM', 258, '18', 'Quang Trung', '77688'),
	(662, 'HCM', 258, '856', 'Quang Trung', '78261'),
	(663, 'HCM', 258, '758', 'Quang Trung', '75364'),
	(664, 'HCM', 258, '738', 'Quang Trung', '73686'),
	(665, 'HCM', 258, '775', 'Quang Trung', '73057'),
	(666, 'HCM', 258, '689', 'Quang Trung', '70574'),
	(667, 'HCM', 258, '765', 'Quang Trung', '79920'),
	(668, 'HCM', 258, '621', 'Quang Trung', '79402'),
	(669, 'HCM', 258, '177', 'Quang Trung', '70930'),
	(670, 'HCM', 258, '905', 'Quang Trung', '74824'),
	(671, 'HCM', 258, '251', 'Quang Trung', '70324'),
	(672, 'HCM', 258, '849', 'Quang Trung', '74182'),
	(673, 'HCM', 258, '620', 'Quang Trung', '79946'),
	(674, 'HCM', 258, '210', 'Quang Trung', '70125'),
	(675, 'HCM', 258, '54', 'Quang Trung', '75377'),
	(676, 'HCM', 258, '776', 'Quang Trung', '72529'),
	(677, 'HCM', 258, '492', 'Quang Trung', '73294'),
	(678, 'HCM', 258, '133', 'Quang Trung', '76303'),
	(679, 'HCM', 258, '269', 'Quang Trung', '75492'),
	(680, 'HCM', 258, '645', 'Quang Trung', '78762'),
	(681, 'HCM', 258, '291', 'Quang Trung', '76814'),
	(682, 'HCM', 258, '634', 'Quang Trung', '77995'),
	(683, 'HCM', 258, '631', 'Quang Trung', '75714'),
	(684, 'HCM', 258, '305', 'Quang Trung', '78301'),
	(685, 'HCM', 258, '14', 'Quang Trung', '75654'),
	(686, 'HCM', 258, '385', 'Quang Trung', '70489'),
	(687, 'HCM', 258, '245', 'Quang Trung', '76922'),
	(688, 'HCM', 258, '942', 'Quang Trung', '71452'),
	(689, 'HCM', 258, '8', 'Quang Trung', '71642'),
	(690, 'HCM', 258, '469', 'Quang Trung', '76954'),
	(691, 'HCM', 258, '540', 'Quang Trung', '71766'),
	(692, 'HCM', 258, '279', 'Quang Trung', '76981'),
	(693, 'HCM', 258, '413', 'Quang Trung', '72407'),
	(694, 'HCM', 258, '609', 'Quang Trung', '70423'),
	(695, 'HCM', 258, '884', 'Quang Trung', '77225'),
	(696, 'HCM', 258, '372', 'Quang Trung', '78737'),
	(697, 'HCM', 258, '628', 'Quang Trung', '70824'),
	(698, 'HCM', 258, '420', 'Quang Trung', '71751'),
	(699, 'HCM', 258, '122', 'Quang Trung', '79072'),
	(700, 'HCM', 258, '875', 'Quang Trung', '72658'),
	(701, 'HCM', 258, '975', 'Quang Trung', '70829'),
	(702, 'HCM', 258, '295', 'Quang Trung', '71608'),
	(703, 'HCM', 258, '131', 'Quang Trung', '77091'),
	(704, 'HCM', 258, '483', 'Quang Trung', '70402'),
	(705, 'HCM', 258, '880', 'Quang Trung', '72819'),
	(706, 'HCM', 258, '960', 'Quang Trung', '77379'),
	(707, 'HCM', 258, '798', 'Quang Trung', '76628'),
	(708, 'HCM', 258, '837', 'Quang Trung', '74122'),
	(709, 'HCM', 258, '108', 'Quang Trung', '75202'),
	(710, 'HCM', 258, '240', 'Quang Trung', '77020'),
	(711, 'HCM', 258, '67', 'Quang Trung', '75197'),
	(712, 'HCM', 258, '724', 'Quang Trung', '71895'),
	(713, 'HCM', 258, '670', 'Quang Trung', '79721'),
	(714, 'HCM', 258, '526', 'Quang Trung', '73694'),
	(715, 'HCM', 258, '499', 'Quang Trung', '78917'),
	(716, 'HCM', 258, '318', 'Quang Trung', '78068'),
	(717, 'HCM', 258, '277', 'Quang Trung', '71538'),
	(718, 'HCM', 258, '791', 'Quang Trung', '76513'),
	(719, 'HCM', 258, '242', 'Quang Trung', '74730'),
	(720, 'HCM', 258, '718', 'Quang Trung', '78566'),
	(721, 'HCM', 258, '724', 'Quang Trung', '72419'),
	(722, 'HCM', 258, '725', 'Quang Trung', '72614'),
	(723, 'HCM', 258, '142', 'Quang Trung', '73527'),
	(724, 'HCM', 258, '971', 'Quang Trung', '79786'),
	(725, 'HCM', 258, '867', 'Quang Trung', '75849'),
	(726, 'HCM', 258, '543', 'Quang Trung', '74935'),
	(727, 'HCM', 258, '354', 'Quang Trung', '74238'),
	(728, 'HCM', 258, '371', 'Quang Trung', '71528'),
	(729, 'HCM', 258, '563', 'Quang Trung', '73389'),
	(730, 'HCM', 258, '14', 'Quang Trung', '77290'),
	(731, 'HCM', 258, '179', 'Quang Trung', '73485'),
	(732, 'HCM', 258, '744', 'Quang Trung', '78097'),
	(733, 'HCM', 258, '5', 'Quang Trung', '75250'),
	(734, 'HCM', 258, '946', 'Quang Trung', '78318'),
	(735, 'HCM', 258, '640', 'Quang Trung', '73676'),
	(736, 'HCM', 258, '183', 'Quang Trung', '79987'),
	(737, 'HCM', 258, '139', 'Quang Trung', '73524'),
	(738, 'HCM', 258, '361', 'Quang Trung', '78444'),
	(739, 'HCM', 258, '828', 'Quang Trung', '70203'),
	(740, 'HCM', 258, '693', 'Quang Trung', '76834'),
	(741, 'HCM', 258, '488', 'Quang Trung', '75049'),
	(742, 'HCM', 258, '649', 'Quang Trung', '75222'),
	(743, 'HCM', 258, '683', 'Quang Trung', '70967'),
	(744, 'HCM', 258, '387', 'Quang Trung', '75151'),
	(745, 'HCM', 258, '22', 'Quang Trung', '75330'),
	(746, 'HCM', 258, '782', 'Quang Trung', '79898'),
	(747, 'HCM', 258, '13', 'Quang Trung', '77988'),
	(748, 'HCM', 258, '262', 'Quang Trung', '77908'),
	(749, 'HCM', 258, '609', 'Quang Trung', '77257'),
	(750, 'HCM', 258, '931', 'Quang Trung', '77134'),
	(751, 'HCM', 258, '399', 'Quang Trung', '75043'),
	(752, 'HCM', 258, '237', 'Quang Trung', '71700'),
	(753, 'HCM', 258, '595', 'Quang Trung', '76978'),
	(754, 'HCM', 258, '491', 'Quang Trung', '72355'),
	(755, 'HCM', 258, '670', 'Quang Trung', '70669'),
	(756, 'HCM', 258, '842', 'Quang Trung', '75614'),
	(757, 'HCM', 258, '191', 'Quang Trung', '72925'),
	(758, 'HCM', 258, '266', 'Quang Trung', '79524'),
	(759, 'HCM', 258, '797', 'Quang Trung', '75332'),
	(760, 'HCM', 258, '626', 'Quang Trung', '79962'),
	(761, 'HCM', 258, '328', 'Quang Trung', '74178'),
	(762, 'HCM', 258, '104', 'Quang Trung', '71847'),
	(763, 'HCM', 258, '265', 'Quang Trung', '74743'),
	(764, 'HCM', 258, '42', 'Quang Trung', '78809'),
	(765, 'HCM', 258, '288', 'Quang Trung', '70978'),
	(766, 'HCM', 258, '127', 'Quang Trung', '74698'),
	(767, 'HCM', 258, '781', 'Quang Trung', '78317'),
	(768, 'HCM', 258, '655', 'Quang Trung', '78375'),
	(769, 'HCM', 258, '470', 'Quang Trung', '77115'),
	(770, 'HCM', 258, '815', 'Quang Trung', '78310'),
	(771, 'HCM', 258, '169', 'Quang Trung', '77095'),
	(772, 'HCM', 258, '812', 'Quang Trung', '79018'),
	(773, 'HCM', 258, '341', 'Quang Trung', '72226'),
	(774, 'HCM', 258, '221', 'Quang Trung', '72686'),
	(775, 'HCM', 258, '114', 'Quang Trung', '75537'),
	(776, 'HCM', 258, '80', 'Quang Trung', '70387'),
	(777, 'HCM', 258, '259', 'Quang Trung', '77369'),
	(778, 'HCM', 258, '178', 'Quang Trung', '71599'),
	(779, 'HCM', 258, '671', 'Quang Trung', '73248'),
	(780, 'HCM', 258, '838', 'Quang Trung', '73771'),
	(781, 'HCM', 258, '601', 'Quang Trung', '79546'),
	(782, 'HCM', 258, '566', 'Quang Trung', '78560'),
	(783, 'HCM', 258, '697', 'Quang Trung', '70196'),
	(784, 'HCM', 258, '928', 'Quang Trung', '72598'),
	(785, 'HCM', 258, '738', 'Quang Trung', '73305'),
	(786, 'HCM', 258, '239', 'Quang Trung', '78578'),
	(787, 'HCM', 258, '857', 'Quang Trung', '71687'),
	(788, 'HCM', 258, '338', 'Quang Trung', '78546'),
	(789, 'HCM', 258, '176', 'Quang Trung', '70948'),
	(790, 'HCM', 258, '789', 'Quang Trung', '70463'),
	(791, 'HCM', 258, '691', 'Quang Trung', '71962'),
	(792, 'HCM', 258, '246', 'Quang Trung', '71063'),
	(793, 'HCM', 258, '125', 'Quang Trung', '74997'),
	(794, 'HCM', 258, '836', 'Quang Trung', '72302'),
	(795, 'HCM', 258, '976', 'Quang Trung', '79213'),
	(796, 'HCM', 258, '710', 'Quang Trung', '72232'),
	(797, 'HCM', 258, '706', 'Quang Trung', '73068'),
	(798, 'HCM', 258, '331', 'Quang Trung', '76923'),
	(799, 'HCM', 258, '806', 'Quang Trung', '78134'),
	(800, 'HCM', 258, '620', 'Quang Trung', '74270'),
	(801, 'HCM', 258, '852', 'Quang Trung', '74440'),
	(802, 'HCM', 258, '482', 'Quang Trung', '76866'),
	(803, 'HCM', 258, '163', 'Quang Trung', '77399'),
	(804, 'HCM', 258, '793', 'Quang Trung', '74962'),
	(805, 'HCM', 258, '330', 'Quang Trung', '77023'),
	(806, 'HCM', 258, '134', 'Quang Trung', '74980'),
	(807, 'HCM', 258, '508', 'Quang Trung', '77308'),
	(808, 'HCM', 258, '590', 'Quang Trung', '73539'),
	(809, 'HCM', 258, '430', 'Quang Trung', '71344'),
	(810, 'HCM', 258, '985', 'Quang Trung', '76174'),
	(811, 'HCM', 258, '769', 'Quang Trung', '72457'),
	(812, 'HCM', 258, '907', 'Quang Trung', '76682'),
	(813, 'HCM', 258, '270', 'Quang Trung', '79878'),
	(814, 'HCM', 258, '126', 'Quang Trung', '72088'),
	(815, 'HCM', 258, '591', 'Quang Trung', '71630'),
	(816, 'HCM', 258, '281', 'Quang Trung', '76460'),
	(817, 'HCM', 258, '408', 'Quang Trung', '76534'),
	(818, 'HCM', 258, '143', 'Quang Trung', '71202'),
	(819, 'HCM', 258, '917', 'Quang Trung', '71221'),
	(820, 'HCM', 258, '705', 'Quang Trung', '78198'),
	(821, 'HCM', 258, '742', 'Quang Trung', '74318'),
	(822, 'HCM', 258, '563', 'Quang Trung', '73528'),
	(823, 'HCM', 258, '408', 'Quang Trung', '78433'),
	(824, 'HCM', 258, '44', 'Quang Trung', '71361'),
	(825, 'HCM', 258, '681', 'Quang Trung', '77686'),
	(826, 'HCM', 258, '197', 'Quang Trung', '71246'),
	(827, 'HCM', 258, '826', 'Quang Trung', '72000'),
	(828, 'HCM', 258, '399', 'Quang Trung', '77598'),
	(829, 'HCM', 258, '546', 'Quang Trung', '77234'),
	(830, 'HCM', 258, '803', 'Quang Trung', '79970'),
	(831, 'HCM', 258, '384', 'Quang Trung', '78217'),
	(832, 'HCM', 258, '974', 'Quang Trung', '76842'),
	(833, 'HCM', 258, '954', 'Quang Trung', '73373'),
	(834, 'HCM', 258, '991', 'Quang Trung', '73663'),
	(835, 'HCM', 258, '954', 'Quang Trung', '79261'),
	(836, 'HCM', 258, '623', 'Quang Trung', '74554'),
	(837, 'HCM', 258, '698', 'Quang Trung', '70701'),
	(838, 'HCM', 258, '611', 'Quang Trung', '76055'),
	(839, 'HCM', 258, '375', 'Quang Trung', '73479'),
	(840, 'HCM', 258, '705', 'Quang Trung', '73230'),
	(841, 'HCM', 258, '936', 'Quang Trung', '79812'),
	(842, 'HCM', 258, '44', 'Quang Trung', '75911'),
	(843, 'HCM', 258, '196', 'Quang Trung', '79214'),
	(844, 'HCM', 258, '818', 'Quang Trung', '78400'),
	(845, 'HCM', 258, '176', 'Quang Trung', '73180'),
	(846, 'HCM', 258, '947', 'Quang Trung', '73750'),
	(847, 'HCM', 258, '213', 'Quang Trung', '73553'),
	(848, 'HCM', 258, '408', 'Quang Trung', '76421'),
	(849, 'HCM', 258, '102', 'Quang Trung', '79225'),
	(850, 'HCM', 258, '256', 'Quang Trung', '73365'),
	(851, 'HCM', 258, '630', 'Quang Trung', '77913'),
	(852, 'HCM', 258, '85', 'Quang Trung', '78553'),
	(853, 'HCM', 258, '241', 'Quang Trung', '75530'),
	(854, 'HCM', 258, '791', 'Quang Trung', '73166'),
	(855, 'HCM', 258, '737', 'Quang Trung', '73385'),
	(856, 'HCM', 258, '758', 'Quang Trung', '76422'),
	(857, 'HCM', 258, '788', 'Quang Trung', '75046'),
	(858, 'HCM', 258, '547', 'Quang Trung', '79495'),
	(859, 'HCM', 258, '41', 'Quang Trung', '78032'),
	(860, 'HCM', 258, '954', 'Quang Trung', '79692'),
	(861, 'HCM', 258, '400', 'Quang Trung', '72321'),
	(862, 'HCM', 258, '91', 'Quang Trung', '72655'),
	(863, 'HCM', 258, '721', 'Quang Trung', '78915'),
	(864, 'HCM', 258, '777', 'Quang Trung', '74777'),
	(865, 'HCM', 258, '832', 'Quang Trung', '76487'),
	(866, 'HCM', 258, '35', 'Quang Trung', '72782'),
	(867, 'HCM', 258, '740', 'Quang Trung', '75894'),
	(868, 'HCM', 258, '492', 'Quang Trung', '76689'),
	(869, 'HCM', 258, '292', 'Quang Trung', '78383'),
	(870, 'HCM', 258, '576', 'Quang Trung', '71992'),
	(871, 'HCM', 258, '418', 'Quang Trung', '76931'),
	(872, 'HCM', 258, '581', 'Quang Trung', '72053'),
	(873, 'HCM', 258, '239', 'Quang Trung', '77768'),
	(874, 'HCM', 258, '433', 'Quang Trung', '79690'),
	(875, 'HCM', 258, '837', 'Quang Trung', '70512'),
	(876, 'HCM', 258, '906', 'Quang Trung', '77054'),
	(877, 'HCM', 258, '829', 'Quang Trung', '72061'),
	(878, 'HCM', 258, '147', 'Quang Trung', '77577'),
	(879, 'HCM', 258, '375', 'Quang Trung', '75628'),
	(880, 'HCM', 258, '233', 'Quang Trung', '76241'),
	(881, 'HCM', 258, '576', 'Quang Trung', '75379'),
	(882, 'HCM', 258, '675', 'Quang Trung', '70857'),
	(883, 'HCM', 258, '183', 'Quang Trung', '77889'),
	(884, 'HCM', 258, '807', 'Quang Trung', '79468'),
	(885, 'HCM', 258, '836', 'Quang Trung', '78040'),
	(886, 'HCM', 258, '665', 'Quang Trung', '75282'),
	(887, 'HCM', 258, '574', 'Quang Trung', '70178'),
	(888, 'HCM', 258, '188', 'Quang Trung', '76710'),
	(889, 'HCM', 258, '731', 'Quang Trung', '76069'),
	(890, 'HCM', 258, '872', 'Quang Trung', '79643'),
	(891, 'HCM', 258, '282', 'Quang Trung', '72300'),
	(892, 'HCM', 258, '792', 'Quang Trung', '70002'),
	(893, 'HCM', 258, '548', 'Quang Trung', '75340'),
	(894, 'HCM', 258, '635', 'Quang Trung', '78177'),
	(895, 'HCM', 258, '127', 'Quang Trung', '73111'),
	(896, 'HCM', 258, '337', 'Quang Trung', '72603'),
	(897, 'HCM', 258, '645', 'Quang Trung', '79529'),
	(898, 'HCM', 258, '281', 'Quang Trung', '74959'),
	(899, 'HCM', 258, '481', 'Quang Trung', '77173'),
	(900, 'HCM', 258, '2', 'Quang Trung', '78055'),
	(901, 'HCM', 258, '819', 'Quang Trung', '74595'),
	(902, 'HCM', 258, '23', 'Quang Trung', '73767'),
	(903, 'HCM', 258, '948', 'Quang Trung', '74832'),
	(904, 'HCM', 258, '476', 'Quang Trung', '77943'),
	(905, 'HCM', 258, '39', 'Quang Trung', '74330'),
	(906, 'HCM', 258, '909', 'Quang Trung', '75574'),
	(907, 'HCM', 258, '298', 'Quang Trung', '73311'),
	(908, 'HCM', 258, '305', 'Quang Trung', '72740'),
	(909, 'HCM', 258, '732', 'Quang Trung', '75593'),
	(910, 'HCM', 258, '90', 'Quang Trung', '70594'),
	(911, 'HCM', 258, '417', 'Quang Trung', '73056'),
	(912, 'HCM', 258, '574', 'Quang Trung', '74850'),
	(913, 'HCM', 258, '841', 'Quang Trung', '71716'),
	(914, 'HCM', 258, '491', 'Quang Trung', '79646'),
	(915, 'HCM', 258, '176', 'Quang Trung', '79037'),
	(916, 'HCM', 258, '322', 'Quang Trung', '74623'),
	(917, 'HCM', 258, '574', 'Quang Trung', '71802'),
	(918, 'HCM', 258, '198', 'Quang Trung', '77283'),
	(919, 'HCM', 258, '515', 'Quang Trung', '78315'),
	(920, 'HCM', 258, '197', 'Quang Trung', '79763'),
	(921, 'HCM', 258, '907', 'Quang Trung', '76803'),
	(922, 'HCM', 258, '528', 'Quang Trung', '76743'),
	(923, 'HCM', 258, '344', 'Quang Trung', '75605'),
	(924, 'HCM', 258, '36', 'Quang Trung', '79599'),
	(925, 'HCM', 258, '193', 'Quang Trung', '77521'),
	(926, 'HCM', 258, '128', 'Quang Trung', '74633'),
	(927, 'HCM', 258, '456', 'Quang Trung', '78979'),
	(928, 'HCM', 258, '863', 'Quang Trung', '74273'),
	(929, 'HCM', 258, '427', 'Quang Trung', '74561'),
	(930, 'HCM', 258, '488', 'Quang Trung', '72385'),
	(931, 'HCM', 258, '639', 'Quang Trung', '76712'),
	(932, 'HCM', 258, '345', 'Quang Trung', '70126'),
	(933, 'HCM', 258, '366', 'Quang Trung', '74329'),
	(934, 'HCM', 258, '161', 'Quang Trung', '74579'),
	(935, 'HCM', 258, '801', 'Quang Trung', '76397'),
	(936, 'HCM', 258, '330', 'Quang Trung', '73637'),
	(937, 'HCM', 258, '867', 'Quang Trung', '76299'),
	(938, 'HCM', 258, '937', 'Quang Trung', '77835'),
	(939, 'HCM', 258, '354', 'Quang Trung', '72026'),
	(940, 'HCM', 258, '119', 'Quang Trung', '76865'),
	(941, 'HCM', 258, '264', 'Quang Trung', '77119'),
	(942, 'HCM', 258, '308', 'Quang Trung', '79793'),
	(943, 'HCM', 258, '403', 'Quang Trung', '70140'),
	(944, 'HCM', 258, '398', 'Quang Trung', '71670'),
	(945, 'HCM', 258, '257', 'Quang Trung', '73388'),
	(946, 'HCM', 258, '900', 'Quang Trung', '78901'),
	(947, 'HCM', 258, '949', 'Quang Trung', '72671'),
	(948, 'HCM', 258, '535', 'Quang Trung', '71201'),
	(949, 'HCM', 258, '280', 'Quang Trung', '76190'),
	(950, 'HCM', 258, '811', 'Quang Trung', '70930'),
	(951, 'HCM', 258, '68', 'Quang Trung', '76596'),
	(952, 'HCM', 258, '900', 'Quang Trung', '78810'),
	(953, 'HCM', 258, '890', 'Quang Trung', '76591'),
	(954, 'HCM', 258, '278', 'Quang Trung', '78158'),
	(955, 'HCM', 258, '261', 'Quang Trung', '77434'),
	(956, 'HCM', 258, '85', 'Quang Trung', '76581'),
	(957, 'HCM', 258, '66', 'Quang Trung', '77648'),
	(958, 'HCM', 258, '19', 'Quang Trung', '71847'),
	(959, 'HCM', 258, '598', 'Quang Trung', '77192'),
	(960, 'HCM', 258, '328', 'Quang Trung', '74011'),
	(961, 'HCM', 258, '877', 'Quang Trung', '79312'),
	(962, 'HCM', 258, '184', 'Quang Trung', '79013'),
	(963, 'HCM', 258, '408', 'Quang Trung', '70687'),
	(964, 'HCM', 258, '714', 'Quang Trung', '71652'),
	(965, 'HCM', 258, '728', 'Quang Trung', '74067'),
	(966, 'HCM', 258, '171', 'Quang Trung', '79037'),
	(967, 'HCM', 258, '947', 'Quang Trung', '76027'),
	(968, 'HCM', 258, '290', 'Quang Trung', '74335'),
	(969, 'HCM', 258, '937', 'Quang Trung', '78026'),
	(970, 'HCM', 258, '45', 'Quang Trung', '73259'),
	(971, 'HCM', 258, '905', 'Quang Trung', '75169'),
	(972, 'HCM', 258, '437', 'Quang Trung', '74038'),
	(973, 'HCM', 258, '400', 'Quang Trung', '71216'),
	(974, 'HCM', 258, '56', 'Quang Trung', '75301'),
	(975, 'HCM', 258, '52', 'Quang Trung', '77601'),
	(976, 'HCM', 258, '243', 'Quang Trung', '75693'),
	(977, 'HCM', 258, '755', 'Quang Trung', '79914'),
	(978, 'HCM', 258, '205', 'Quang Trung', '78574'),
	(979, 'HCM', 258, '419', 'Quang Trung', '78677'),
	(980, 'HCM', 258, '224', 'Quang Trung', '78723'),
	(981, 'HCM', 258, '267', 'Quang Trung', '72772'),
	(982, 'HCM', 258, '382', 'Quang Trung', '78671'),
	(983, 'HCM', 258, '571', 'Quang Trung', '78126'),
	(984, 'HCM', 258, '345', 'Quang Trung', '71374'),
	(985, 'HCM', 258, '256', 'Quang Trung', '75225'),
	(986, 'HCM', 258, '684', 'Quang Trung', '71598'),
	(987, 'HCM', 258, '362', 'Quang Trung', '79884'),
	(988, 'HCM', 258, '273', 'Quang Trung', '78065'),
	(989, 'HCM', 258, '867', 'Quang Trung', '78059'),
	(990, 'HCM', 258, '642', 'Quang Trung', '79242'),
	(991, 'HCM', 258, '313', 'Quang Trung', '73749'),
	(992, 'HCM', 258, '471', 'Quang Trung', '71720'),
	(993, 'HCM', 258, '343', 'Quang Trung', '78501'),
	(994, 'HCM', 258, '6', 'Quang Trung', '79067'),
	(995, 'HCM', 258, '928', 'Quang Trung', '74043'),
	(996, 'HCM', 258, '124', 'Quang Trung', '79241'),
	(997, 'HCM', 258, '878', 'Quang Trung', '70063'),
	(998, 'HCM', 258, '397', 'Quang Trung', '77717'),
	(999, 'HCM', 258, '489', 'Quang Trung', '77482'),
	(1000, '11', 240, '1123', '123123', '1231'),
	(1001, 'HCM', 258, '662', 'Quang Trung', '70440'),
	(1002, 'HCM', 258, '370', 'Quang Trung', '78425'),
	(1003, '123123', 240, '123', 'Long An', '1'),
	(1004, 'HCM', 258, '84', 'Quang Trung', '73831'),
	(1005, 'HCM', 258, '951', 'Quang Trung', '77263'),
	(1006, 'HCM', 258, '557', 'Quang Trung', '70806'),
	(1007, 'HCM', 258, '696', 'Quang Trung', '73850'),
	(1008, 'HCM', 258, '255', 'Quang Trung', '71037'),
	(1009, 'HCM', 258, '50', 'Quang Trung', '72459'),
	(1010, 'HCM', 258, '749', 'Quang Trung', '74593'),
	(1011, 'HCM', 258, '784', 'Quang Trung', '71016'),
	(1012, 'HCM', 258, '931', 'Quang Trung', '78140'),
	(1013, 'HCM', 258, '467', 'Quang Trung', '79174'),
	(1014, 'HCM', 258, '814', 'Quang Trung', '72282'),
	(1015, 'HCM', 258, '326', 'Quang Trung', '70122'),
	(1016, 'HCM', 258, '726', 'Quang Trung', '70001'),
	(1017, 'HCM', 258, '42', 'Quang Trung', '72875'),
	(1018, 'HCM', 258, '190', 'Quang Trung', '77860'),
	(1019, 'HCM', 258, '486', 'Quang Trung', '78537'),
	(1020, 'HCM', 258, '749', 'Quang Trung', '79890'),
	(1021, 'HCM', 258, '448', 'Quang Trung', '74683'),
	(1022, '11', 240, '1123', '123123', '1231'),
	(1023, '11', 240, '1', '1', '1'),
	(1024, '11', 240, '1', '1', '1'),
	(1025, '123123', 258, '123', 'Long An', '1'),
	(1026, '1', 258, '1', '1', '1'),
	(1027, 'Long An', 258, '1', 'Cao Van Lau', '62'),
	(1028, 'Long An', 258, '1', 'Cao Van Lau', '62'),
	(1029, 'Long An', 258, '1', 'Cao Van Lau', '62');

-- Dumping structure for table works.candidate
CREATE TABLE IF NOT EXISTS `candidate` (
  `can_id` bigint(20) NOT NULL AUTO_INCREMENT,
  `dob` date NOT NULL,
  `email` varchar(255) NOT NULL,
  `full_name` varchar(255) NOT NULL,
  `phone` varchar(15) NOT NULL,
  `address` bigint(20) NOT NULL,
  PRIMARY KEY (`can_id`),
  UNIQUE KEY `UK_qfut8ruekode092nlkipgl09g` (`email`),
  UNIQUE KEY `UK_9i5yt1gvm0chg5e10qkns7tll` (`phone`),
  KEY `FKa8gnyyhbb2qnhp94grci1n0o9` (`address`),
  CONSTRAINT `FKa8gnyyhbb2qnhp94grci1n0o9` FOREIGN KEY (`address`) REFERENCES `address` (`add_id`)
) ENGINE=InnoDB AUTO_INCREMENT=1008 DEFAULT CHARSET=latin1 COLLATE=latin1_swedish_ci;

-- Dumping data for table works.candidate: ~1,001 rows (approximately)
INSERT INTO `candidate` (`can_id`, `dob`, `email`, `full_name`, `phone`, `address`) VALUES
	(1, '1998-11-01', 'ptngochuyen277@gmail.com', 'Name #1', '11', 1),
	(2, '1998-05-13', 'email_2@gmail.com', 'Name #2', '3422900456', 4),
	(3, '1998-04-15', 'email_3@gmail.com', 'Name #3', '5931879589', 5),
	(4, '1998-10-01', 'email_4@gmail.com', 'Name #4', '5941255006', 6),
	(5, '1998-11-22', 'email_5@gmail.com', 'Name #5', '7018865099', 7),
	(6, '1998-10-13', 'email_6@gmail.com', 'Name #6', '7379516425', 8),
	(7, '1998-03-06', 'email_7@gmail.com', 'Name #7', '2283642896', 9),
	(8, '1998-05-11', 'email_8@gmail.com', 'Name #8', '5654584992', 10),
	(11, '1998-02-03', 'email_11@gmail.com', 'Name #11', '3018499370', 13),
	(12, '1998-09-08', 'email_12@gmail.com', 'Name #12', '4379267645', 14),
	(13, '1998-02-13', 'email_13@gmail.com', 'Name #13', '4317251263', 15),
	(14, '1998-08-21', 'email_14@gmail.com', 'Name #14', '9453151044', 16),
	(15, '1998-11-04', 'email_15@gmail.com', 'Name #15', '4274262350', 17),
	(16, '1998-03-03', 'email_16@gmail.com', 'Name #16', '7562961510', 18),
	(17, '1998-05-11', 'email_17@gmail.com', 'Name #17', '7331499412', 19),
	(18, '1998-12-14', 'email_18@gmail.com', 'Name #18', '5739313423', 20),
	(19, '1998-06-22', 'email_19@gmail.com', 'Name #19', '1454573475', 21),
	(20, '1998-11-26', 'email_20@gmail.com', 'Name #20', '6309301077', 22),
	(21, '1998-02-24', 'email_21@gmail.com', 'Name #21', '6374360732', 23),
	(22, '1998-08-11', 'email_22@gmail.com', 'Name #22', '4541511416', 24),
	(23, '1998-09-02', 'email_23@gmail.com', 'Name #23', '5748304606', 25),
	(24, '1998-04-18', 'email_24@gmail.com', 'Name #24', '4799968070', 26),
	(25, '1998-11-09', 'email_25@gmail.com', 'Name #25', '9744421558', 27),
	(26, '1998-10-22', 'email_26@gmail.com', 'Name #26', '7701651416', 28),
	(27, '1998-10-05', 'email_27@gmail.com', 'Name #27', '2092899634', 29),
	(28, '1998-10-13', 'email_28@gmail.com', 'Name #28', '1504634078', 30),
	(29, '1998-09-24', 'email_29@gmail.com', 'Name #29', '9500779150', 31),
	(30, '1998-12-14', 'email_30@gmail.com', 'Name #30', '9346421811', 32),
	(31, '1998-05-07', 'email_31@gmail.com', 'Name #31', '2750846154', 33),
	(32, '1998-03-16', 'email_32@gmail.com', 'Name #32', '5738879189', 34),
	(33, '1998-01-20', 'email_33@gmail.com', 'Name #33', '7656665542', 35),
	(34, '1998-09-25', 'email_34@gmail.com', 'Name #34', '3021459805', 36),
	(35, '1998-11-14', 'email_35@gmail.com', 'Name #35', '1235465443', 37),
	(36, '1998-11-22', 'email_36@gmail.com', 'Name #36', '9661466718', 38),
	(37, '1998-11-02', 'email_37@gmail.com', 'Name #37', '8390218072', 39),
	(38, '1998-06-14', 'email_38@gmail.com', 'Name #38', '7526453797', 40),
	(39, '1998-05-11', 'email_39@gmail.com', 'Name #39', '3988185582', 41),
	(40, '1998-08-05', 'email_40@gmail.com', 'Name #40', '9112338612', 42),
	(41, '1998-02-28', 'email_41@gmail.com', 'Name #41', '9100183512', 43),
	(42, '1998-10-14', 'email_42@gmail.com', 'Name #42', '8348593732', 44),
	(43, '1998-08-21', 'email_43@gmail.com', 'Name #43', '6683908842', 45),
	(44, '1998-12-06', 'email_44@gmail.com', 'Name #44', '6913555822', 46),
	(45, '1998-10-09', 'email_45@gmail.com', 'Name #45', '1209337293', 47),
	(46, '1998-03-19', 'email_46@gmail.com', 'Name #46', '8014933525', 48),
	(47, '1998-07-16', 'email_47@gmail.com', 'Name #47', '4135387773', 49),
	(48, '1998-03-20', 'email_48@gmail.com', 'Name #48', '6815479939', 50),
	(49, '1998-03-22', 'email_49@gmail.com', 'Name #49', '2591716280', 51),
	(50, '1998-03-26', 'email_50@gmail.com', 'Name #50', '8429305445', 52),
	(51, '1998-01-10', 'email_51@gmail.com', 'Name #51', '2824250371', 53),
	(52, '1998-06-27', 'email_52@gmail.com', 'Name #52', '9481699349', 54),
	(53, '1998-04-28', 'email_53@gmail.com', 'Name #53', '6529390866', 55),
	(54, '1998-09-15', 'email_54@gmail.com', 'Name #54', '2813944467', 56),
	(55, '1998-12-07', 'email_55@gmail.com', 'Name #55', '8760049148', 57),
	(56, '1998-03-05', 'email_56@gmail.com', 'Name #56', '1620725224', 58),
	(57, '1998-01-07', 'email_57@gmail.com', 'Name #57', '4916698480', 59),
	(58, '1998-06-19', 'email_58@gmail.com', 'Name #58', '1525369600', 60),
	(59, '1998-03-13', 'email_59@gmail.com', 'Name #59', '6934488744', 61),
	(60, '1998-07-02', 'email_60@gmail.com', 'Name #60', '9990565114', 62),
	(61, '1998-02-28', 'email_61@gmail.com', 'Name #61', '1621729145', 63),
	(62, '1998-05-22', 'email_62@gmail.com', 'Name #62', '4427881310', 64),
	(63, '1998-06-15', 'email_63@gmail.com', 'Name #63', '7378616061', 65),
	(64, '1998-11-19', 'email_64@gmail.com', 'Name #64', '3457199259', 66),
	(65, '1998-03-25', 'email_65@gmail.com', 'Name #65', '9834491733', 67),
	(66, '1998-12-18', 'email_66@gmail.com', 'Name #66', '7213390236', 68),
	(67, '1998-09-04', 'email_67@gmail.com', 'Name #67', '2027813190', 69),
	(68, '1998-08-05', 'email_68@gmail.com', 'Name #68', '4479038933', 70),
	(69, '1998-06-15', 'email_69@gmail.com', 'Name #69', '4595264439', 71),
	(70, '1998-01-12', 'email_70@gmail.com', 'Name #70', '1150018799', 72),
	(71, '1998-06-15', 'email_71@gmail.com', 'Name #71', '6737154348', 73),
	(72, '1998-12-01', 'email_72@gmail.com', 'Name #72', '2132333956', 74),
	(73, '1998-01-02', 'email_73@gmail.com', 'Name #73', '8843284874', 75),
	(74, '1998-06-16', 'email_74@gmail.com', 'Name #74', '1120416152', 76),
	(75, '1998-04-07', 'email_75@gmail.com', 'Name #75', '1354593423', 77),
	(76, '1998-12-06', 'email_76@gmail.com', 'Name #76', '1813793310', 78),
	(77, '1998-01-01', 'email_77@gmail.com', 'Name #77', '7961551382', 79),
	(78, '1998-01-12', 'email_78@gmail.com', 'Name #78', '7696145083', 80),
	(79, '1998-01-15', 'email_79@gmail.com', 'Name #79', '4773929548', 81),
	(80, '1998-08-12', 'email_80@gmail.com', 'Name #80', '9308713539', 82),
	(81, '1998-09-17', 'email_81@gmail.com', 'Name #81', '7054721891', 83),
	(82, '1998-02-11', 'email_82@gmail.com', 'Name #82', '7592214637', 84),
	(83, '1998-02-02', 'email_83@gmail.com', 'Name #83', '9672767504', 85),
	(84, '1998-10-10', 'email_84@gmail.com', 'Name #84', '9945647004', 86),
	(85, '1998-01-06', 'email_85@gmail.com', 'Name #85', '4938167370', 87),
	(86, '1998-09-22', 'email_86@gmail.com', 'Name #86', '1768606468', 88),
	(87, '1998-10-03', 'email_87@gmail.com', 'Name #87', '8961581978', 89),
	(88, '1998-12-10', 'email_88@gmail.com', 'Name #88', '4008516758', 90),
	(89, '1998-04-27', 'email_89@gmail.com', 'Name #89', '4740443330', 91),
	(90, '1998-02-25', 'email_90@gmail.com', 'Name #90', '5800180489', 92),
	(91, '1998-07-01', 'email_91@gmail.com', 'Name #91', '4095064988', 93),
	(92, '1998-09-26', 'email_92@gmail.com', 'Name #92', '9487548814', 94),
	(93, '1998-08-25', 'email_93@gmail.com', 'Name #93', '2113083455', 95),
	(94, '1998-01-14', 'email_94@gmail.com', 'Name #94', '2222027616', 96),
	(95, '1998-05-18', 'email_95@gmail.com', 'Name #95', '5515318288', 97),
	(96, '1998-01-24', 'email_96@gmail.com', 'Name #96', '4869997373', 98),
	(97, '1998-05-07', 'email_97@gmail.com', 'Name #97', '3504779107', 99),
	(98, '1998-02-19', 'email_98@gmail.com', 'Name #98', '3492161572', 100),
	(99, '1998-05-10', 'email_99@gmail.com', 'Name #99', '5658395349', 101),
	(100, '1998-03-12', 'email_100@gmail.com', 'Name #100', '5025359365', 102),
	(101, '1998-10-06', 'email_101@gmail.com', 'Name #101', '5155731465', 103),
	(102, '1998-02-18', 'email_102@gmail.com', 'Name #102', '9794208638', 104),
	(103, '1998-12-23', 'email_103@gmail.com', 'Name #103', '3949991091', 105),
	(104, '1998-02-28', 'email_104@gmail.com', 'Name #104', '1548775760', 106),
	(105, '1998-11-08', 'email_105@gmail.com', 'Name #105', '2719181539', 107),
	(106, '1998-09-27', 'email_106@gmail.com', 'Name #106', '5916259438', 108),
	(107, '1998-11-01', 'email_107@gmail.com', 'Name #107', '5622798137', 109),
	(108, '1998-09-09', 'email_108@gmail.com', 'Name #108', '3418046406', 110),
	(109, '1998-05-20', 'email_109@gmail.com', 'Name #109', '9021579145', 111),
	(110, '1998-11-19', 'email_110@gmail.com', 'Name #110', '3108690551', 112),
	(111, '1998-09-02', 'email_111@gmail.com', 'Name #111', '3135832324', 113),
	(112, '1998-07-10', 'email_112@gmail.com', 'Name #112', '4143756110', 114),
	(113, '1998-10-03', 'email_113@gmail.com', 'Name #113', '7498000252', 115),
	(114, '1998-12-09', 'email_114@gmail.com', 'Name #114', '3443769470', 116),
	(115, '1998-01-14', 'email_115@gmail.com', 'Name #115', '4005866762', 117),
	(116, '1998-07-27', 'email_116@gmail.com', 'Name #116', '1755063499', 118),
	(117, '1998-11-02', 'email_117@gmail.com', 'Name #117', '3283594165', 119),
	(118, '1998-08-03', 'email_118@gmail.com', 'Name #118', '7974601298', 120),
	(119, '1998-09-03', 'email_119@gmail.com', 'Name #119', '9592978369', 121),
	(120, '1998-10-10', 'email_120@gmail.com', 'Name #120', '1959716223', 122),
	(121, '1998-03-05', 'email_121@gmail.com', 'Name #121', '1598572346', 123),
	(122, '1998-12-20', 'email_122@gmail.com', 'Name #122', '3817760700', 124),
	(123, '1998-12-12', 'email_123@gmail.com', 'Name #123', '1127852260', 125),
	(124, '1998-05-12', 'email_124@gmail.com', 'Name #124', '6924585874', 126),
	(125, '1998-09-21', 'email_125@gmail.com', 'Name #125', '8372736800', 127),
	(126, '1998-12-10', 'email_126@gmail.com', 'Name #126', '2270898150', 128),
	(127, '1998-06-04', 'email_127@gmail.com', 'Name #127', '1247960421', 129),
	(128, '1998-08-28', 'email_128@gmail.com', 'Name #128', '5586378059', 130),
	(129, '1998-10-11', 'email_129@gmail.com', 'Name #129', '3736817408', 131),
	(130, '1998-11-25', 'email_130@gmail.com', 'Name #130', '8292205542', 132),
	(131, '1998-08-11', 'email_131@gmail.com', 'Name #131', '5929295841', 133),
	(132, '1998-07-28', 'email_132@gmail.com', 'Name #132', '4395608267', 134),
	(133, '1998-09-15', 'email_133@gmail.com', 'Name #133', '4963424509', 135),
	(134, '1998-11-13', 'email_134@gmail.com', 'Name #134', '6344137579', 136),
	(135, '1998-09-07', 'email_135@gmail.com', 'Name #135', '6034555250', 137),
	(136, '1998-12-05', 'email_136@gmail.com', 'Name #136', '9400888920', 138),
	(137, '1998-06-21', 'email_137@gmail.com', 'Name #137', '9133308266', 139),
	(138, '1998-07-26', 'email_138@gmail.com', 'Name #138', '6809051094', 140),
	(139, '1998-04-14', 'email_139@gmail.com', 'Name #139', '7509041727', 141),
	(140, '1998-07-11', 'email_140@gmail.com', 'Name #140', '6799860158', 142),
	(141, '1998-05-20', 'email_141@gmail.com', 'Name #141', '5724569359', 143),
	(142, '1998-12-17', 'email_142@gmail.com', 'Name #142', '8867568601', 144),
	(143, '1998-07-25', 'email_143@gmail.com', 'Name #143', '1540241789', 145),
	(144, '1998-06-23', 'email_144@gmail.com', 'Name #144', '7763829390', 146),
	(145, '1998-12-14', 'email_145@gmail.com', 'Name #145', '5460123884', 147),
	(146, '1998-01-11', 'email_146@gmail.com', 'Name #146', '6404070409', 148),
	(147, '1998-10-09', 'email_147@gmail.com', 'Name #147', '3375918016', 149),
	(148, '1998-02-11', 'email_148@gmail.com', 'Name #148', '9572578809', 150),
	(149, '1998-01-07', 'email_149@gmail.com', 'Name #149', '2004138107', 151),
	(150, '1998-03-16', 'email_150@gmail.com', 'Name #150', '5538446174', 152),
	(151, '1998-03-22', 'email_151@gmail.com', 'Name #151', '3800305417', 153),
	(152, '1998-08-09', 'email_152@gmail.com', 'Name #152', '7034954101', 154),
	(153, '1998-02-28', 'email_153@gmail.com', 'Name #153', '1259388169', 155),
	(154, '1998-06-20', 'email_154@gmail.com', 'Name #154', '8481001432', 156),
	(155, '1998-08-07', 'email_155@gmail.com', 'Name #155', '9432114704', 157),
	(156, '1998-06-25', 'email_156@gmail.com', 'Name #156', '5686531381', 158),
	(157, '1998-03-09', 'email_157@gmail.com', 'Name #157', '8477330851', 159),
	(158, '1998-02-24', 'email_158@gmail.com', 'Name #158', '5558042795', 160),
	(159, '1998-01-19', 'email_159@gmail.com', 'Name #159', '4885287425', 161),
	(160, '1998-04-14', 'email_160@gmail.com', 'Name #160', '5969762164', 162),
	(161, '1998-09-25', 'email_161@gmail.com', 'Name #161', '7779764219', 163),
	(162, '1998-12-07', 'email_162@gmail.com', 'Name #162', '7468836602', 164),
	(163, '1998-12-16', 'email_163@gmail.com', 'Name #163', '5051157690', 165),
	(164, '1998-08-20', 'email_164@gmail.com', 'Name #164', '4034616537', 166),
	(165, '1998-01-09', 'email_165@gmail.com', 'Name #165', '1125376364', 167),
	(166, '1998-03-20', 'email_166@gmail.com', 'Name #166', '1379040974', 168),
	(167, '1998-04-14', 'email_167@gmail.com', 'Name #167', '3262072986', 169),
	(168, '1998-07-22', 'email_168@gmail.com', 'Name #168', '8123675699', 170),
	(169, '1998-02-19', 'email_169@gmail.com', 'Name #169', '1112460232', 171),
	(170, '1998-04-14', 'email_170@gmail.com', 'Name #170', '9717349751', 172),
	(171, '1998-02-19', 'email_171@gmail.com', 'Name #171', '5739540146', 173),
	(172, '1998-06-07', 'email_172@gmail.com', 'Name #172', '3396291917', 174),
	(173, '1998-09-01', 'email_173@gmail.com', 'Name #173', '9954532960', 175),
	(174, '1998-04-17', 'email_174@gmail.com', 'Name #174', '2933344184', 176),
	(175, '1998-12-15', 'email_175@gmail.com', 'Name #175', '7961299670', 177),
	(176, '1998-07-03', 'email_176@gmail.com', 'Name #176', '9257586353', 178),
	(177, '1998-07-26', 'email_177@gmail.com', 'Name #177', '1552589235', 179),
	(178, '1998-09-22', 'email_178@gmail.com', 'Name #178', '1344866342', 180),
	(179, '1998-09-20', 'email_179@gmail.com', 'Name #179', '3119752899', 181),
	(180, '1998-09-10', 'email_180@gmail.com', 'Name #180', '5075451815', 182),
	(181, '1998-07-03', 'email_181@gmail.com', 'Name #181', '8397783979', 183),
	(182, '1998-04-22', 'email_182@gmail.com', 'Name #182', '6668209375', 184),
	(183, '1998-07-13', 'email_183@gmail.com', 'Name #183', '9211160649', 185),
	(184, '1998-12-27', 'email_184@gmail.com', 'Name #184', '5030239717', 186),
	(185, '1998-01-17', 'email_185@gmail.com', 'Name #185', '2234862734', 187),
	(186, '1998-06-04', 'email_186@gmail.com', 'Name #186', '4073894806', 188),
	(187, '1998-02-14', 'email_187@gmail.com', 'Name #187', '3377325361', 189),
	(188, '1998-12-13', 'email_188@gmail.com', 'Name #188', '5606063040', 190),
	(189, '1998-05-12', 'email_189@gmail.com', 'Name #189', '8470834425', 191),
	(190, '1998-04-09', 'email_190@gmail.com', 'Name #190', '7986064300', 192),
	(191, '1998-11-17', 'email_191@gmail.com', 'Name #191', '9740362711', 193),
	(192, '1998-02-15', 'email_192@gmail.com', 'Name #192', '7695342448', 194),
	(193, '1998-11-01', 'email_193@gmail.com', 'Name #193', '3969943197', 195),
	(194, '1998-07-07', 'email_194@gmail.com', 'Name #194', '5358559240', 196),
	(195, '1998-06-21', 'email_195@gmail.com', 'Name #195', '9134505119', 197),
	(196, '1998-06-02', 'email_196@gmail.com', 'Name #196', '2720966183', 198),
	(197, '1998-09-17', 'email_197@gmail.com', 'Name #197', '2537532293', 199),
	(198, '1998-06-28', 'email_198@gmail.com', 'Name #198', '7356946534', 200),
	(199, '1998-05-25', 'email_199@gmail.com', 'Name #199', '4179451843', 201),
	(200, '1998-08-08', 'email_200@gmail.com', 'Name #200', '4776132825', 202),
	(201, '1998-05-15', 'email_201@gmail.com', 'Name #201', '7131476429', 203),
	(202, '1998-12-22', 'email_202@gmail.com', 'Name #202', '8170126666', 204),
	(203, '1998-07-08', 'email_203@gmail.com', 'Name #203', '7974388770', 205),
	(204, '1998-03-22', 'email_204@gmail.com', 'Name #204', '3574077052', 206),
	(205, '1998-01-01', 'email_205@gmail.com', 'Name #205', '9706835307', 207),
	(206, '1998-10-13', 'email_206@gmail.com', 'Name #206', '1720861925', 208),
	(207, '1998-02-21', 'email_207@gmail.com', 'Name #207', '3249400432', 209),
	(208, '1998-01-06', 'email_208@gmail.com', 'Name #208', '6248119927', 210),
	(209, '1998-09-04', 'email_209@gmail.com', 'Name #209', '2369984872', 211),
	(210, '1998-12-09', 'email_210@gmail.com', 'Name #210', '7159287500', 212),
	(211, '1998-11-27', 'email_211@gmail.com', 'Name #211', '6651055979', 213),
	(212, '1998-02-20', 'email_212@gmail.com', 'Name #212', '8143495221', 214),
	(213, '1998-01-19', 'email_213@gmail.com', 'Name #213', '9515308470', 215),
	(214, '1998-01-28', 'email_214@gmail.com', 'Name #214', '3630856855', 216),
	(215, '1998-01-28', 'email_215@gmail.com', 'Name #215', '2781676138', 217),
	(216, '1998-01-27', 'email_216@gmail.com', 'Name #216', '3745659170', 218),
	(217, '1998-05-16', 'email_217@gmail.com', 'Name #217', '8592912314', 219),
	(218, '1998-10-04', 'email_218@gmail.com', 'Name #218', '1562145206', 220),
	(219, '1998-02-05', 'email_219@gmail.com', 'Name #219', '9188921607', 221),
	(220, '1998-11-03', 'email_220@gmail.com', 'Name #220', '9372605835', 222),
	(221, '1998-11-12', 'email_221@gmail.com', 'Name #221', '5394773890', 223),
	(222, '1998-04-16', 'email_222@gmail.com', 'Name #222', '6439200156', 224),
	(223, '1998-10-22', 'email_223@gmail.com', 'Name #223', '1944627773', 225),
	(224, '1998-12-11', 'email_224@gmail.com', 'Name #224', '8888594425', 226),
	(225, '1998-09-10', 'email_225@gmail.com', 'Name #225', '1580260662', 227),
	(226, '1998-02-14', 'email_226@gmail.com', 'Name #226', '5371429039', 228),
	(227, '1998-07-17', 'email_227@gmail.com', 'Name #227', '4023945889', 229),
	(228, '1998-01-03', 'email_228@gmail.com', 'Name #228', '8566618997', 230),
	(229, '1998-09-14', 'email_229@gmail.com', 'Name #229', '4697515033', 231),
	(230, '1998-01-21', 'email_230@gmail.com', 'Name #230', '4630357644', 232),
	(231, '1998-12-11', 'email_231@gmail.com', 'Name #231', '7635036204', 233),
	(232, '1998-09-02', 'email_232@gmail.com', 'Name #232', '9020420739', 234),
	(233, '1998-12-08', 'email_233@gmail.com', 'Name #233', '8739875128', 235),
	(234, '1998-08-23', 'email_234@gmail.com', 'Name #234', '8890592662', 236),
	(235, '1998-02-20', 'email_235@gmail.com', 'Name #235', '6348230422', 237),
	(236, '1998-04-03', 'email_236@gmail.com', 'Name #236', '7479885922', 238),
	(237, '1998-09-25', 'email_237@gmail.com', 'Name #237', '5308473369', 239),
	(238, '1998-09-14', 'email_238@gmail.com', 'Name #238', '3854442631', 240),
	(239, '1998-11-14', 'email_239@gmail.com', 'Name #239', '9963889658', 241),
	(240, '1998-08-07', 'email_240@gmail.com', 'Name #240', '5637387305', 242),
	(241, '1998-11-12', 'email_241@gmail.com', 'Name #241', '9731739692', 243),
	(242, '1998-06-05', 'email_242@gmail.com', 'Name #242', '5567336116', 244),
	(243, '1998-02-13', 'email_243@gmail.com', 'Name #243', '1296773087', 245),
	(244, '1998-12-28', 'email_244@gmail.com', 'Name #244', '5446855427', 246),
	(245, '1998-03-25', 'email_245@gmail.com', 'Name #245', '4518841723', 247),
	(246, '1998-01-23', 'email_246@gmail.com', 'Name #246', '3791888419', 248),
	(247, '1998-05-22', 'email_247@gmail.com', 'Name #247', '5846228420', 249),
	(248, '1998-12-17', 'email_248@gmail.com', 'Name #248', '8284795874', 250),
	(249, '1998-04-16', 'email_249@gmail.com', 'Name #249', '7877216068', 251),
	(250, '1998-09-02', 'email_250@gmail.com', 'Name #250', '3876924095', 252),
	(251, '1998-04-15', 'email_251@gmail.com', 'Name #251', '3661744033', 253),
	(252, '1998-03-04', 'email_252@gmail.com', 'Name #252', '8335129533', 254),
	(253, '1998-09-26', 'email_253@gmail.com', 'Name #253', '7647564533', 255),
	(254, '1998-04-19', 'email_254@gmail.com', 'Name #254', '3786692481', 256),
	(255, '1998-12-20', 'email_255@gmail.com', 'Name #255', '1565811276', 257),
	(256, '1998-11-25', 'email_256@gmail.com', 'Name #256', '4639048981', 258),
	(257, '1998-12-04', 'email_257@gmail.com', 'Name #257', '2283722957', 259),
	(258, '1998-04-27', 'email_258@gmail.com', 'Name #258', '7455445295', 260),
	(259, '1998-09-13', 'email_259@gmail.com', 'Name #259', '4387403176', 261),
	(260, '1998-10-18', 'email_260@gmail.com', 'Name #260', '7737105338', 262),
	(261, '1998-09-13', 'email_261@gmail.com', 'Name #261', '5831871488', 263),
	(262, '1998-06-18', 'email_262@gmail.com', 'Name #262', '3300250752', 264),
	(263, '1998-05-21', 'email_263@gmail.com', 'Name #263', '7375444110', 265),
	(264, '1998-04-18', 'email_264@gmail.com', 'Name #264', '7820263417', 266),
	(265, '1998-12-04', 'email_265@gmail.com', 'Name #265', '3725194050', 267),
	(266, '1998-10-16', 'email_266@gmail.com', 'Name #266', '6185292060', 268),
	(267, '1998-04-16', 'email_267@gmail.com', 'Name #267', '8397490190', 269),
	(268, '1998-07-15', 'email_268@gmail.com', 'Name #268', '6316837632', 270),
	(269, '1998-01-12', 'email_269@gmail.com', 'Name #269', '1239828705', 271),
	(270, '1998-02-15', 'email_270@gmail.com', 'Name #270', '9528544191', 272),
	(271, '1998-01-27', 'email_271@gmail.com', 'Name #271', '4677034525', 273),
	(272, '1998-12-26', 'email_272@gmail.com', 'Name #272', '8867581599', 274),
	(273, '1998-10-14', 'email_273@gmail.com', 'Name #273', '2065134494', 275),
	(274, '1998-11-06', 'email_274@gmail.com', 'Name #274', '7236521933', 276),
	(275, '1998-12-15', 'email_275@gmail.com', 'Name #275', '6404317176', 277),
	(276, '1998-11-23', 'email_276@gmail.com', 'Name #276', '5380659624', 278),
	(277, '1998-09-01', 'email_277@gmail.com', 'Name #277', '8798692668', 279),
	(278, '1998-08-14', 'email_278@gmail.com', 'Name #278', '5980756646', 280),
	(279, '1998-03-28', 'email_279@gmail.com', 'Name #279', '1596729838', 281),
	(280, '1998-03-07', 'email_280@gmail.com', 'Name #280', '4271197166', 282),
	(281, '1998-11-02', 'email_281@gmail.com', 'Name #281', '8475711005', 283),
	(282, '1998-03-27', 'email_282@gmail.com', 'Name #282', '6216144138', 284),
	(283, '1998-04-04', 'email_283@gmail.com', 'Name #283', '7375137024', 285),
	(284, '1998-12-27', 'email_284@gmail.com', 'Name #284', '7247063751', 286),
	(285, '1998-04-21', 'email_285@gmail.com', 'Name #285', '8652345530', 287),
	(286, '1998-02-07', 'email_286@gmail.com', 'Name #286', '7793899644', 288),
	(287, '1998-08-20', 'email_287@gmail.com', 'Name #287', '9707650475', 289),
	(288, '1998-12-06', 'email_288@gmail.com', 'Name #288', '1952953932', 290),
	(289, '1998-02-12', 'email_289@gmail.com', 'Name #289', '1231057763', 291),
	(290, '1998-12-20', 'email_290@gmail.com', 'Name #290', '2507713761', 292),
	(291, '1998-06-21', 'email_291@gmail.com', 'Name #291', '3145568635', 293),
	(292, '1998-11-08', 'email_292@gmail.com', 'Name #292', '1306327023', 294),
	(293, '1998-10-10', 'email_293@gmail.com', 'Name #293', '6188324778', 295),
	(294, '1998-03-12', 'email_294@gmail.com', 'Name #294', '7414948105', 296),
	(295, '1998-08-27', 'email_295@gmail.com', 'Name #295', '2329915472', 297),
	(296, '1998-04-04', 'email_296@gmail.com', 'Name #296', '8199888491', 298),
	(297, '1998-03-08', 'email_297@gmail.com', 'Name #297', '7917499506', 299),
	(298, '1998-12-23', 'email_298@gmail.com', 'Name #298', '7866579884', 300),
	(299, '1998-03-20', 'email_299@gmail.com', 'Name #299', '3675117660', 301),
	(300, '1998-11-10', 'email_300@gmail.com', 'Name #300', '5440724798', 302),
	(301, '1998-09-24', 'email_301@gmail.com', 'Name #301', '8536807740', 303),
	(302, '1998-06-25', 'email_302@gmail.com', 'Name #302', '1635324213', 304),
	(303, '1998-02-04', 'email_303@gmail.com', 'Name #303', '4095043017', 305),
	(304, '1998-05-09', 'email_304@gmail.com', 'Name #304', '1221777673', 306),
	(305, '1998-04-21', 'email_305@gmail.com', 'Name #305', '2208585839', 307),
	(306, '1998-04-16', 'email_306@gmail.com', 'Name #306', '5371112336', 308),
	(307, '1998-08-12', 'email_307@gmail.com', 'Name #307', '6841319885', 309),
	(308, '1998-11-08', 'email_308@gmail.com', 'Name #308', '5130290012', 310),
	(309, '1998-04-15', 'email_309@gmail.com', 'Name #309', '1777684950', 311),
	(310, '1998-02-15', 'email_310@gmail.com', 'Name #310', '6531168230', 312),
	(311, '1998-08-22', 'email_311@gmail.com', 'Name #311', '4618473177', 313),
	(312, '1998-04-23', 'email_312@gmail.com', 'Name #312', '4298601925', 314),
	(313, '1998-11-26', 'email_313@gmail.com', 'Name #313', '5869092501', 315),
	(314, '1998-01-26', 'email_314@gmail.com', 'Name #314', '6259456334', 316),
	(315, '1998-03-14', 'email_315@gmail.com', 'Name #315', '8190147108', 317),
	(316, '1998-06-05', 'email_316@gmail.com', 'Name #316', '1291317281', 318),
	(317, '1998-02-06', 'email_317@gmail.com', 'Name #317', '8951070891', 319),
	(318, '1998-12-15', 'email_318@gmail.com', 'Name #318', '9792331628', 320),
	(319, '1998-09-17', 'email_319@gmail.com', 'Name #319', '3525329155', 321),
	(320, '1998-06-26', 'email_320@gmail.com', 'Name #320', '9492591504', 322),
	(321, '1998-09-14', 'email_321@gmail.com', 'Name #321', '6914992927', 323),
	(322, '1998-01-26', 'email_322@gmail.com', 'Name #322', '9501518525', 324),
	(323, '1998-05-16', 'email_323@gmail.com', 'Name #323', '9112037675', 325),
	(324, '1998-10-13', 'email_324@gmail.com', 'Name #324', '9648730499', 326),
	(325, '1998-02-24', 'email_325@gmail.com', 'Name #325', '8199394670', 327),
	(326, '1998-10-02', 'email_326@gmail.com', 'Name #326', '7677962232', 328),
	(327, '1998-02-09', 'email_327@gmail.com', 'Name #327', '9762705643', 329),
	(328, '1998-09-22', 'email_328@gmail.com', 'Name #328', '5169303056', 330),
	(329, '1998-11-19', 'email_329@gmail.com', 'Name #329', '2540571762', 331),
	(330, '1998-01-14', 'email_330@gmail.com', 'Name #330', '2191291245', 332),
	(331, '1998-12-11', 'email_331@gmail.com', 'Name #331', '4127582302', 333),
	(332, '1998-12-20', 'email_332@gmail.com', 'Name #332', '3905091555', 334),
	(333, '1998-10-22', 'email_333@gmail.com', 'Name #333', '6878496746', 335),
	(334, '1998-01-20', 'email_334@gmail.com', 'Name #334', '1313142904', 336),
	(335, '1998-01-12', 'email_335@gmail.com', 'Name #335', '4142470837', 337),
	(336, '1998-03-01', 'email_336@gmail.com', 'Name #336', '3340575918', 338),
	(337, '1998-03-13', 'email_337@gmail.com', 'Name #337', '7420964359', 339),
	(338, '1998-07-14', 'email_338@gmail.com', 'Name #338', '5642266813', 340),
	(339, '1998-02-09', 'email_339@gmail.com', 'Name #339', '7584984312', 341),
	(340, '1998-08-20', 'email_340@gmail.com', 'Name #340', '9865290824', 342),
	(341, '1998-10-26', 'email_341@gmail.com', 'Name #341', '6770051868', 343),
	(342, '1998-11-23', 'email_342@gmail.com', 'Name #342', '2723234571', 344),
	(343, '1998-02-03', 'email_343@gmail.com', 'Name #343', '6842263988', 345),
	(344, '1998-01-09', 'email_344@gmail.com', 'Name #344', '1989288472', 346),
	(345, '1998-07-27', 'email_345@gmail.com', 'Name #345', '7450398572', 347),
	(346, '1998-05-09', 'email_346@gmail.com', 'Name #346', '3686431028', 348),
	(347, '1998-11-03', 'email_347@gmail.com', 'Name #347', '7983806156', 349),
	(348, '1998-10-10', 'email_348@gmail.com', 'Name #348', '7008385770', 350),
	(349, '1998-05-28', 'email_349@gmail.com', 'Name #349', '3540339422', 351),
	(350, '1998-05-28', 'email_350@gmail.com', 'Name #350', '1630456818', 352),
	(351, '1998-05-09', 'email_351@gmail.com', 'Name #351', '3067270244', 353),
	(352, '1998-05-28', 'email_352@gmail.com', 'Name #352', '5897315822', 354),
	(353, '1998-04-18', 'email_353@gmail.com', 'Name #353', '4655949291', 355),
	(354, '1998-08-20', 'email_354@gmail.com', 'Name #354', '1121700883', 356),
	(355, '1998-10-27', 'email_355@gmail.com', 'Name #355', '5425421183', 357),
	(356, '1998-06-24', 'email_356@gmail.com', 'Name #356', '4134663103', 358),
	(357, '1998-07-20', 'email_357@gmail.com', 'Name #357', '9668189884', 359),
	(358, '1998-05-18', 'email_358@gmail.com', 'Name #358', '1312870172', 360),
	(359, '1998-01-22', 'email_359@gmail.com', 'Name #359', '4409285623', 361),
	(360, '1998-11-17', 'email_360@gmail.com', 'Name #360', '4367469721', 362),
	(361, '1998-07-14', 'email_361@gmail.com', 'Name #361', '7984692199', 363),
	(362, '1998-09-05', 'email_362@gmail.com', 'Name #362', '6639056736', 364),
	(363, '1998-12-13', 'email_363@gmail.com', 'Name #363', '5406674812', 365),
	(364, '1998-02-27', 'email_364@gmail.com', 'Name #364', '4709593344', 366),
	(365, '1998-06-01', 'email_365@gmail.com', 'Name #365', '8129476922', 367),
	(366, '1998-12-07', 'email_366@gmail.com', 'Name #366', '2072132617', 368),
	(367, '1998-06-08', 'email_367@gmail.com', 'Name #367', '3900714378', 369),
	(368, '1998-03-25', 'email_368@gmail.com', 'Name #368', '3677540574', 370),
	(369, '1998-06-20', 'email_369@gmail.com', 'Name #369', '6041383966', 371),
	(370, '1998-10-08', 'email_370@gmail.com', 'Name #370', '2556392395', 372),
	(371, '1998-02-26', 'email_371@gmail.com', 'Name #371', '5334940782', 373),
	(372, '1998-03-06', 'email_372@gmail.com', 'Name #372', '2359532132', 374),
	(373, '1998-05-07', 'email_373@gmail.com', 'Name #373', '5562884916', 375),
	(374, '1998-08-09', 'email_374@gmail.com', 'Name #374', '4930232871', 376),
	(375, '1998-03-24', 'email_375@gmail.com', 'Name #375', '7568392640', 377),
	(376, '1998-04-02', 'email_376@gmail.com', 'Name #376', '7675165174', 378),
	(377, '1998-03-26', 'email_377@gmail.com', 'Name #377', '7175601401', 379),
	(378, '1998-12-09', 'email_378@gmail.com', 'Name #378', '3610453836', 380),
	(379, '1998-10-23', 'email_379@gmail.com', 'Name #379', '5660196617', 381),
	(380, '1998-11-01', 'email_380@gmail.com', 'Name #380', '8396773995', 382),
	(381, '1998-03-13', 'email_381@gmail.com', 'Name #381', '3632153539', 383),
	(382, '1998-09-14', 'email_382@gmail.com', 'Name #382', '2450862670', 384),
	(383, '1998-12-21', 'email_383@gmail.com', 'Name #383', '6170821085', 385),
	(384, '1998-01-17', 'email_384@gmail.com', 'Name #384', '9340344937', 386),
	(385, '1998-03-07', 'email_385@gmail.com', 'Name #385', '7766603740', 387),
	(386, '1998-06-03', 'email_386@gmail.com', 'Name #386', '5671502090', 388),
	(387, '1998-01-17', 'email_387@gmail.com', 'Name #387', '9000308480', 389),
	(388, '1998-11-26', 'email_388@gmail.com', 'Name #388', '3119790451', 390),
	(389, '1998-04-10', 'email_389@gmail.com', 'Name #389', '1596701293', 391),
	(390, '1998-03-21', 'email_390@gmail.com', 'Name #390', '4511234862', 392),
	(391, '1998-11-18', 'email_391@gmail.com', 'Name #391', '5371469195', 393),
	(392, '1998-11-28', 'email_392@gmail.com', 'Name #392', '7950544709', 394),
	(393, '1998-03-28', 'email_393@gmail.com', 'Name #393', '8450138116', 395),
	(394, '1998-04-01', 'email_394@gmail.com', 'Name #394', '8221342053', 396),
	(395, '1998-02-04', 'email_395@gmail.com', 'Name #395', '3433679727', 397),
	(396, '1998-01-14', 'email_396@gmail.com', 'Name #396', '4593036213', 398),
	(397, '1998-07-06', 'email_397@gmail.com', 'Name #397', '5211904421', 399),
	(398, '1998-06-15', 'email_398@gmail.com', 'Name #398', '7601959855', 400),
	(399, '1998-05-16', 'email_399@gmail.com', 'Name #399', '9019768464', 401),
	(400, '1998-11-15', 'email_400@gmail.com', 'Name #400', '4935124035', 402),
	(401, '1998-09-24', 'email_401@gmail.com', 'Name #401', '3533561163', 403),
	(402, '1998-04-07', 'email_402@gmail.com', 'Name #402', '2760301723', 404),
	(403, '1998-08-14', 'email_403@gmail.com', 'Name #403', '9657490818', 405),
	(404, '1998-06-16', 'email_404@gmail.com', 'Name #404', '9115695224', 406),
	(405, '1998-04-01', 'email_405@gmail.com', 'Name #405', '4530300846', 407),
	(406, '1998-07-03', 'email_406@gmail.com', 'Name #406', '2394754416', 408),
	(407, '1998-01-16', 'email_407@gmail.com', 'Name #407', '3752100373', 409),
	(408, '1998-12-02', 'email_408@gmail.com', 'Name #408', '8787458577', 410),
	(409, '1998-11-06', 'email_409@gmail.com', 'Name #409', '3308454236', 411),
	(410, '1998-03-25', 'email_410@gmail.com', 'Name #410', '8070502813', 412),
	(411, '1998-07-19', 'email_411@gmail.com', 'Name #411', '1624810827', 413),
	(412, '1998-08-27', 'email_412@gmail.com', 'Name #412', '3656582187', 414),
	(413, '1998-02-02', 'email_413@gmail.com', 'Name #413', '6174934556', 415),
	(414, '1998-09-08', 'email_414@gmail.com', 'Name #414', '4937357335', 416),
	(415, '1998-08-24', 'email_415@gmail.com', 'Name #415', '4533579511', 417),
	(416, '1998-02-16', 'email_416@gmail.com', 'Name #416', '8030330271', 418),
	(417, '1998-02-14', 'email_417@gmail.com', 'Name #417', '9884780661', 419),
	(418, '1998-11-06', 'email_418@gmail.com', 'Name #418', '3184772619', 420),
	(419, '1998-03-19', 'email_419@gmail.com', 'Name #419', '7669727086', 421),
	(420, '1998-05-07', 'email_420@gmail.com', 'Name #420', '4129909638', 422),
	(421, '1998-04-01', 'email_421@gmail.com', 'Name #421', '7926485409', 423),
	(422, '1998-08-18', 'email_422@gmail.com', 'Name #422', '1670507078', 424),
	(423, '1998-03-18', 'email_423@gmail.com', 'Name #423', '6176880664', 425),
	(424, '1998-07-05', 'email_424@gmail.com', 'Name #424', '8463258629', 426),
	(425, '1998-11-07', 'email_425@gmail.com', 'Name #425', '3086353127', 427),
	(426, '1998-10-06', 'email_426@gmail.com', 'Name #426', '7255776787', 428),
	(427, '1998-05-26', 'email_427@gmail.com', 'Name #427', '2493607495', 429),
	(428, '1998-05-23', 'email_428@gmail.com', 'Name #428', '9140234649', 430),
	(429, '1998-08-05', 'email_429@gmail.com', 'Name #429', '9235098963', 431),
	(430, '1998-10-12', 'email_430@gmail.com', 'Name #430', '5935761251', 432),
	(431, '1998-11-15', 'email_431@gmail.com', 'Name #431', '9030413390', 433),
	(432, '1998-09-24', 'email_432@gmail.com', 'Name #432', '3151729218', 434),
	(433, '1998-08-21', 'email_433@gmail.com', 'Name #433', '4806291622', 435),
	(434, '1998-01-07', 'email_434@gmail.com', 'Name #434', '5291811709', 436),
	(435, '1998-05-06', 'email_435@gmail.com', 'Name #435', '7669214082', 437),
	(436, '1998-07-24', 'email_436@gmail.com', 'Name #436', '4980785051', 438),
	(437, '1998-10-05', 'email_437@gmail.com', 'Name #437', '9255250947', 439),
	(438, '1998-10-22', 'email_438@gmail.com', 'Name #438', '2528930222', 440),
	(439, '1998-02-28', 'email_439@gmail.com', 'Name #439', '8726602354', 441),
	(440, '1998-09-21', 'email_440@gmail.com', 'Name #440', '1573509782', 442),
	(441, '1998-11-04', 'email_441@gmail.com', 'Name #441', '7188174127', 443),
	(442, '1998-05-10', 'email_442@gmail.com', 'Name #442', '7939214904', 444),
	(443, '1998-02-15', 'email_443@gmail.com', 'Name #443', '7949080785', 445),
	(444, '1998-11-15', 'email_444@gmail.com', 'Name #444', '6585560763', 446),
	(445, '1998-01-02', 'email_445@gmail.com', 'Name #445', '4985314895', 447),
	(446, '1998-07-03', 'email_446@gmail.com', 'Name #446', '9172185838', 448),
	(447, '1998-06-03', 'email_447@gmail.com', 'Name #447', '4866345529', 449),
	(448, '1998-04-10', 'email_448@gmail.com', 'Name #448', '5362735401', 450),
	(449, '1998-05-26', 'email_449@gmail.com', 'Name #449', '4620827467', 451),
	(450, '1998-12-18', 'email_450@gmail.com', 'Name #450', '7743544685', 452),
	(451, '1998-02-09', 'email_451@gmail.com', 'Name #451', '7890713832', 453),
	(452, '1998-08-14', 'email_452@gmail.com', 'Name #452', '9950180321', 454),
	(453, '1998-05-26', 'email_453@gmail.com', 'Name #453', '3253187816', 455),
	(454, '1998-04-19', 'email_454@gmail.com', 'Name #454', '1722860508', 456),
	(455, '1998-08-26', 'email_455@gmail.com', 'Name #455', '7933342718', 457),
	(456, '1998-05-17', 'email_456@gmail.com', 'Name #456', '3424876049', 458),
	(457, '1998-11-28', 'email_457@gmail.com', 'Name #457', '9196977608', 459),
	(458, '1998-03-07', 'email_458@gmail.com', 'Name #458', '9720869715', 460),
	(459, '1998-07-27', 'email_459@gmail.com', 'Name #459', '9014943652', 461),
	(460, '1998-06-11', 'email_460@gmail.com', 'Name #460', '4760236205', 462),
	(461, '1998-09-01', 'email_461@gmail.com', 'Name #461', '9446351427', 463),
	(462, '1998-10-21', 'email_462@gmail.com', 'Name #462', '7292283413', 464),
	(463, '1998-06-22', 'email_463@gmail.com', 'Name #463', '3167368005', 465),
	(464, '1998-12-27', 'email_464@gmail.com', 'Name #464', '5810281446', 466),
	(465, '1998-08-09', 'email_465@gmail.com', 'Name #465', '3414596280', 467),
	(466, '1998-05-24', 'email_466@gmail.com', 'Name #466', '7591262640', 468),
	(467, '1998-07-13', 'email_467@gmail.com', 'Name #467', '7666681486', 469),
	(468, '1998-12-22', 'email_468@gmail.com', 'Name #468', '3900909334', 470),
	(469, '1998-06-15', 'email_469@gmail.com', 'Name #469', '4608643107', 471),
	(470, '1998-11-21', 'email_470@gmail.com', 'Name #470', '2794380002', 472),
	(471, '1998-09-08', 'email_471@gmail.com', 'Name #471', '4677062888', 473),
	(472, '1998-11-14', 'email_472@gmail.com', 'Name #472', '8858163944', 474),
	(473, '1998-03-23', 'email_473@gmail.com', 'Name #473', '5451116808', 475),
	(474, '1998-02-20', 'email_474@gmail.com', 'Name #474', '7264522389', 476),
	(475, '1998-03-14', 'email_475@gmail.com', 'Name #475', '8138375636', 477),
	(476, '1998-11-10', 'email_476@gmail.com', 'Name #476', '2323361027', 478),
	(477, '1998-08-15', 'email_477@gmail.com', 'Name #477', '4306191876', 479),
	(478, '1998-05-06', 'email_478@gmail.com', 'Name #478', '8471737155', 480),
	(479, '1998-11-06', 'email_479@gmail.com', 'Name #479', '7594740332', 481),
	(480, '1998-03-11', 'email_480@gmail.com', 'Name #480', '3868508614', 482),
	(481, '1998-08-20', 'email_481@gmail.com', 'Name #481', '9784710273', 483),
	(482, '1998-03-27', 'email_482@gmail.com', 'Name #482', '1256243801', 484),
	(483, '1998-08-26', 'email_483@gmail.com', 'Name #483', '2814030751', 485),
	(484, '1998-12-04', 'email_484@gmail.com', 'Name #484', '5664447364', 486),
	(485, '1998-11-24', 'email_485@gmail.com', 'Name #485', '1497141041', 487),
	(486, '1998-11-04', 'email_486@gmail.com', 'Name #486', '7716397318', 488),
	(487, '1998-01-22', 'email_487@gmail.com', 'Name #487', '7500783604', 489),
	(488, '1998-11-07', 'email_488@gmail.com', 'Name #488', '4645685872', 490),
	(489, '1998-08-10', 'email_489@gmail.com', 'Name #489', '6156798888', 491),
	(490, '1998-08-21', 'email_490@gmail.com', 'Name #490', '1206884148', 492),
	(491, '1998-07-20', 'email_491@gmail.com', 'Name #491', '8964164325', 493),
	(492, '1998-09-05', 'email_492@gmail.com', 'Name #492', '7235629072', 494),
	(493, '1998-06-03', 'email_493@gmail.com', 'Name #493', '1357853806', 495),
	(494, '1998-05-03', 'email_494@gmail.com', 'Name #494', '6944188036', 496),
	(495, '1998-04-28', 'email_495@gmail.com', 'Name #495', '4305788380', 497),
	(496, '1998-12-01', 'email_496@gmail.com', 'Name #496', '3546281013', 498),
	(497, '1998-07-13', 'email_497@gmail.com', 'Name #497', '3542877177', 499),
	(498, '1998-04-13', 'email_498@gmail.com', 'Name #498', '3495516781', 500),
	(499, '1998-08-08', 'email_499@gmail.com', 'Name #499', '8737315871', 501),
	(500, '1998-07-27', 'email_500@gmail.com', 'Name #500', '3874111736', 502),
	(501, '1998-09-06', 'email_501@gmail.com', 'Name #501', '6366500518', 503),
	(502, '1998-12-25', 'email_502@gmail.com', 'Name #502', '3674421404', 504),
	(503, '1998-06-04', 'email_503@gmail.com', 'Name #503', '1473399647', 505),
	(504, '1998-06-05', 'email_504@gmail.com', 'Name #504', '7278420541', 506),
	(505, '1998-04-21', 'email_505@gmail.com', 'Name #505', '9870543335', 507),
	(506, '1998-02-22', 'email_506@gmail.com', 'Name #506', '2779615323', 508),
	(507, '1998-10-21', 'email_507@gmail.com', 'Name #507', '5036607547', 509),
	(508, '1998-04-04', 'email_508@gmail.com', 'Name #508', '1893079642', 510),
	(509, '1998-11-06', 'email_509@gmail.com', 'Name #509', '5604521436', 511),
	(510, '1998-01-18', 'email_510@gmail.com', 'Name #510', '2979848701', 512),
	(511, '1998-01-24', 'email_511@gmail.com', 'Name #511', '5677495520', 513),
	(512, '1998-12-22', 'email_512@gmail.com', 'Name #512', '8401833031', 514),
	(513, '1998-12-24', 'email_513@gmail.com', 'Name #513', '6321711061', 515),
	(514, '1998-10-09', 'email_514@gmail.com', 'Name #514', '2403561535', 516),
	(515, '1998-07-07', 'email_515@gmail.com', 'Name #515', '7062479267', 517),
	(516, '1998-02-20', 'email_516@gmail.com', 'Name #516', '9676379006', 518),
	(517, '1998-08-21', 'email_517@gmail.com', 'Name #517', '4912854085', 519),
	(518, '1998-02-03', 'email_518@gmail.com', 'Name #518', '6661171559', 520),
	(519, '1998-03-01', 'email_519@gmail.com', 'Name #519', '8832138251', 521),
	(520, '1998-07-28', 'email_520@gmail.com', 'Name #520', '4036512275', 522),
	(521, '1998-04-26', 'email_521@gmail.com', 'Name #521', '7686201727', 523),
	(522, '1998-03-28', 'email_522@gmail.com', 'Name #522', '1527153279', 524),
	(523, '1998-02-25', 'email_523@gmail.com', 'Name #523', '1438971354', 525),
	(524, '1998-01-23', 'email_524@gmail.com', 'Name #524', '7073796012', 526),
	(525, '1998-03-19', 'email_525@gmail.com', 'Name #525', '8880033043', 527),
	(526, '1998-08-05', 'email_526@gmail.com', 'Name #526', '5472916625', 528),
	(527, '1998-04-02', 'email_527@gmail.com', 'Name #527', '8893538908', 529),
	(528, '1998-05-18', 'email_528@gmail.com', 'Name #528', '4145927520', 530),
	(529, '1998-03-20', 'email_529@gmail.com', 'Name #529', '6947469193', 531),
	(530, '1998-10-07', 'email_530@gmail.com', 'Name #530', '8984236251', 532),
	(531, '1998-10-19', 'email_531@gmail.com', 'Name #531', '3160239621', 533),
	(532, '1998-07-03', 'email_532@gmail.com', 'Name #532', '1661468010', 534),
	(533, '1998-08-15', 'email_533@gmail.com', 'Name #533', '8367809715', 535),
	(534, '1998-08-02', 'email_534@gmail.com', 'Name #534', '9180325707', 536),
	(535, '1998-10-06', 'email_535@gmail.com', 'Name #535', '7332101662', 537),
	(536, '1998-06-16', 'email_536@gmail.com', 'Name #536', '5376160702', 538),
	(537, '1998-12-28', 'email_537@gmail.com', 'Name #537', '5175536805', 539),
	(538, '1998-09-17', 'email_538@gmail.com', 'Name #538', '7382092939', 540),
	(539, '1998-11-08', 'email_539@gmail.com', 'Name #539', '2704011167', 541),
	(540, '1998-02-17', 'email_540@gmail.com', 'Name #540', '7096315617', 542),
	(541, '1998-03-06', 'email_541@gmail.com', 'Name #541', '3536778655', 543),
	(542, '1998-09-15', 'email_542@gmail.com', 'Name #542', '5992305589', 544),
	(543, '1998-02-10', 'email_543@gmail.com', 'Name #543', '9415861380', 545),
	(544, '1998-06-12', 'email_544@gmail.com', 'Name #544', '2564300812', 546),
	(545, '1998-03-13', 'email_545@gmail.com', 'Name #545', '4802106304', 547),
	(546, '1998-08-27', 'email_546@gmail.com', 'Name #546', '7419989694', 548),
	(547, '1998-05-08', 'email_547@gmail.com', 'Name #547', '6911727595', 549),
	(548, '1998-08-23', 'email_548@gmail.com', 'Name #548', '1149551792', 550),
	(549, '1998-09-10', 'email_549@gmail.com', 'Name #549', '3833684507', 551),
	(550, '1998-07-14', 'email_550@gmail.com', 'Name #550', '9507168397', 552),
	(551, '1998-03-28', 'email_551@gmail.com', 'Name #551', '6143927907', 553),
	(552, '1998-08-20', 'email_552@gmail.com', 'Name #552', '9702982457', 554),
	(553, '1998-09-08', 'email_553@gmail.com', 'Name #553', '3586257021', 555),
	(554, '1998-06-23', 'email_554@gmail.com', 'Name #554', '8572465684', 556),
	(555, '1998-06-26', 'email_555@gmail.com', 'Name #555', '4913995013', 557),
	(556, '1998-09-14', 'email_556@gmail.com', 'Name #556', '4089272630', 558),
	(557, '1998-09-24', 'email_557@gmail.com', 'Name #557', '6273930339', 559),
	(558, '1998-05-16', 'email_558@gmail.com', 'Name #558', '2701763084', 560),
	(559, '1998-05-16', 'email_559@gmail.com', 'Name #559', '3527290629', 561),
	(560, '1998-07-09', 'email_560@gmail.com', 'Name #560', '2299850510', 562),
	(561, '1998-02-28', 'email_561@gmail.com', 'Name #561', '6236756287', 563),
	(562, '1998-08-01', 'email_562@gmail.com', 'Name #562', '6956977139', 564),
	(563, '1998-07-09', 'email_563@gmail.com', 'Name #563', '2505925920', 565),
	(564, '1998-04-13', 'email_564@gmail.com', 'Name #564', '2223394812', 566),
	(565, '1998-03-26', 'email_565@gmail.com', 'Name #565', '2905468866', 567),
	(566, '1998-07-07', 'email_566@gmail.com', 'Name #566', '4529888905', 568),
	(567, '1998-03-01', 'email_567@gmail.com', 'Name #567', '2422825542', 569),
	(568, '1998-08-08', 'email_568@gmail.com', 'Name #568', '1614565050', 570),
	(569, '1998-01-28', 'email_569@gmail.com', 'Name #569', '1374243834', 571),
	(570, '1998-03-21', 'email_570@gmail.com', 'Name #570', '3165103005', 572),
	(571, '1998-06-10', 'email_571@gmail.com', 'Name #571', '1549287864', 573),
	(572, '1998-02-12', 'email_572@gmail.com', 'Name #572', '9388713279', 574),
	(573, '1998-10-24', 'email_573@gmail.com', 'Name #573', '9894237116', 575),
	(574, '1998-12-25', 'email_574@gmail.com', 'Name #574', '6327258530', 576),
	(575, '1998-09-15', 'email_575@gmail.com', 'Name #575', '1838084337', 577),
	(576, '1998-08-25', 'email_576@gmail.com', 'Name #576', '3639384644', 578),
	(577, '1998-11-20', 'email_577@gmail.com', 'Name #577', '2690195473', 579),
	(578, '1998-05-01', 'email_578@gmail.com', 'Name #578', '3000663487', 580),
	(579, '1998-05-24', 'email_579@gmail.com', 'Name #579', '1852385208', 581),
	(580, '1998-12-13', 'email_580@gmail.com', 'Name #580', '6920135489', 582),
	(581, '1998-03-06', 'email_581@gmail.com', 'Name #581', '1351982812', 583),
	(582, '1998-08-05', 'email_582@gmail.com', 'Name #582', '8447399729', 584),
	(583, '1998-01-26', 'email_583@gmail.com', 'Name #583', '1808063851', 585),
	(584, '1998-06-06', 'email_584@gmail.com', 'Name #584', '9496443220', 586),
	(585, '1998-06-11', 'email_585@gmail.com', 'Name #585', '9752583625', 587),
	(586, '1998-12-07', 'email_586@gmail.com', 'Name #586', '3095603394', 588),
	(587, '1998-08-10', 'email_587@gmail.com', 'Name #587', '4428615092', 589),
	(588, '1998-03-13', 'email_588@gmail.com', 'Name #588', '6942842497', 590),
	(589, '1998-02-26', 'email_589@gmail.com', 'Name #589', '6084728006', 591),
	(590, '1998-01-08', 'email_590@gmail.com', 'Name #590', '4587015860', 592),
	(591, '1998-09-13', 'email_591@gmail.com', 'Name #591', '3353644710', 593),
	(592, '1998-10-23', 'email_592@gmail.com', 'Name #592', '4222887968', 594),
	(593, '1998-06-26', 'email_593@gmail.com', 'Name #593', '2513439804', 595),
	(594, '1998-04-16', 'email_594@gmail.com', 'Name #594', '4200359669', 596),
	(595, '1998-06-11', 'email_595@gmail.com', 'Name #595', '2291652135', 597),
	(596, '1998-06-06', 'email_596@gmail.com', 'Name #596', '2807762149', 598),
	(597, '1998-11-06', 'email_597@gmail.com', 'Name #597', '5625541445', 599),
	(598, '1998-06-21', 'email_598@gmail.com', 'Name #598', '5356062227', 600),
	(599, '1998-10-27', 'email_599@gmail.com', 'Name #599', '5570572590', 601),
	(600, '1998-06-16', 'email_600@gmail.com', 'Name #600', '9544913642', 602),
	(601, '1998-06-06', 'email_601@gmail.com', 'Name #601', '8860451333', 603),
	(602, '1998-12-21', 'email_602@gmail.com', 'Name #602', '5609501120', 604),
	(603, '1998-08-16', 'email_603@gmail.com', 'Name #603', '1795991437', 605),
	(604, '1998-02-17', 'email_604@gmail.com', 'Name #604', '5773025358', 606),
	(605, '1998-06-07', 'email_605@gmail.com', 'Name #605', '1384571260', 607),
	(606, '1998-10-07', 'email_606@gmail.com', 'Name #606', '3199296949', 608),
	(607, '1998-10-20', 'email_607@gmail.com', 'Name #607', '2645000647', 609),
	(608, '1998-12-24', 'email_608@gmail.com', 'Name #608', '8240162512', 610),
	(609, '1998-11-09', 'email_609@gmail.com', 'Name #609', '3538350394', 611),
	(610, '1998-09-25', 'email_610@gmail.com', 'Name #610', '9412240033', 612),
	(611, '1998-11-08', 'email_611@gmail.com', 'Name #611', '3243006449', 613),
	(612, '1998-04-09', 'email_612@gmail.com', 'Name #612', '2458154938', 614),
	(613, '1998-08-11', 'email_613@gmail.com', 'Name #613', '3460538216', 615),
	(614, '1998-08-13', 'email_614@gmail.com', 'Name #614', '5597593491', 616),
	(615, '1998-10-12', 'email_615@gmail.com', 'Name #615', '3195740164', 617),
	(616, '1998-05-19', 'email_616@gmail.com', 'Name #616', '9067868777', 618),
	(617, '1998-06-24', 'email_617@gmail.com', 'Name #617', '5504359052', 619),
	(618, '1998-05-03', 'email_618@gmail.com', 'Name #618', '3789278746', 620),
	(619, '1998-05-26', 'email_619@gmail.com', 'Name #619', '4387554807', 621),
	(620, '1998-10-22', 'email_620@gmail.com', 'Name #620', '5319147747', 622),
	(621, '1998-08-11', 'email_621@gmail.com', 'Name #621', '1807801435', 623),
	(622, '1998-09-24', 'email_622@gmail.com', 'Name #622', '6151694906', 624),
	(623, '1998-11-06', 'email_623@gmail.com', 'Name #623', '5801354392', 625),
	(624, '1998-03-28', 'email_624@gmail.com', 'Name #624', '6481890366', 626),
	(625, '1998-10-17', 'email_625@gmail.com', 'Name #625', '5808784023', 627),
	(626, '1998-04-28', 'email_626@gmail.com', 'Name #626', '7460128408', 628),
	(627, '1998-03-21', 'email_627@gmail.com', 'Name #627', '9599007355', 629),
	(628, '1998-06-22', 'email_628@gmail.com', 'Name #628', '8564076686', 630),
	(629, '1998-11-28', 'email_629@gmail.com', 'Name #629', '7367301130', 631),
	(630, '1998-11-23', 'email_630@gmail.com', 'Name #630', '4310119491', 632),
	(631, '1998-12-13', 'email_631@gmail.com', 'Name #631', '1230660967', 633),
	(632, '1998-10-14', 'email_632@gmail.com', 'Name #632', '6222436557', 634),
	(633, '1998-03-18', 'email_633@gmail.com', 'Name #633', '7743470471', 635),
	(634, '1998-09-10', 'email_634@gmail.com', 'Name #634', '4565325812', 636),
	(635, '1998-07-26', 'email_635@gmail.com', 'Name #635', '7463865279', 637),
	(636, '1998-12-17', 'email_636@gmail.com', 'Name #636', '4376365227', 638),
	(637, '1998-01-25', 'email_637@gmail.com', 'Name #637', '3540763599', 639),
	(638, '1998-03-21', 'email_638@gmail.com', 'Name #638', '2410662862', 640),
	(639, '1998-09-17', 'email_639@gmail.com', 'Name #639', '1934492845', 641),
	(640, '1998-09-02', 'email_640@gmail.com', 'Name #640', '6462025607', 642),
	(641, '1998-07-03', 'email_641@gmail.com', 'Name #641', '3776554304', 643),
	(642, '1998-01-01', 'email_642@gmail.com', 'Name #642', '4852161974', 644),
	(643, '1998-03-27', 'email_643@gmail.com', 'Name #643', '9690966687', 645),
	(644, '1998-06-16', 'email_644@gmail.com', 'Name #644', '7105533107', 646),
	(645, '1998-02-01', 'email_645@gmail.com', 'Name #645', '2446394902', 647),
	(646, '1998-03-02', 'email_646@gmail.com', 'Name #646', '9734428978', 648),
	(647, '1998-09-06', 'email_647@gmail.com', 'Name #647', '2977308949', 649),
	(648, '1998-05-02', 'email_648@gmail.com', 'Name #648', '9388385699', 650),
	(649, '1998-11-19', 'email_649@gmail.com', 'Name #649', '5710622333', 651),
	(650, '1998-01-08', 'email_650@gmail.com', 'Name #650', '1221478739', 652),
	(651, '1998-12-25', 'email_651@gmail.com', 'Name #651', '8894856399', 653),
	(652, '1998-07-09', 'email_652@gmail.com', 'Name #652', '8755435356', 654),
	(653, '1998-06-13', 'email_653@gmail.com', 'Name #653', '2152921427', 655),
	(654, '1998-04-25', 'email_654@gmail.com', 'Name #654', '4927596414', 656),
	(655, '1998-08-26', 'email_655@gmail.com', 'Name #655', '6502297450', 657),
	(656, '1998-12-03', 'email_656@gmail.com', 'Name #656', '3028224031', 658),
	(657, '1998-06-02', 'email_657@gmail.com', 'Name #657', '9941125793', 659),
	(658, '1998-03-24', 'email_658@gmail.com', 'Name #658', '1928837789', 660),
	(659, '1998-10-02', 'email_659@gmail.com', 'Name #659', '2069987939', 661),
	(660, '1998-10-12', 'email_660@gmail.com', 'Name #660', '7927889822', 662),
	(661, '1998-10-27', 'email_661@gmail.com', 'Name #661', '9612060137', 663),
	(662, '1998-03-22', 'email_662@gmail.com', 'Name #662', '2606279625', 664),
	(663, '1998-12-27', 'email_663@gmail.com', 'Name #663', '3784160833', 665),
	(664, '1998-03-07', 'email_664@gmail.com', 'Name #664', '7125817301', 666),
	(665, '1998-04-03', 'email_665@gmail.com', 'Name #665', '4842938760', 667),
	(666, '1998-08-19', 'email_666@gmail.com', 'Name #666', '2190015243', 668),
	(667, '1998-05-11', 'email_667@gmail.com', 'Name #667', '8249280893', 669),
	(668, '1998-03-08', 'email_668@gmail.com', 'Name #668', '9498064873', 670),
	(669, '1998-05-08', 'email_669@gmail.com', 'Name #669', '9056270324', 671),
	(670, '1998-11-20', 'email_670@gmail.com', 'Name #670', '8891326292', 672),
	(671, '1998-07-22', 'email_671@gmail.com', 'Name #671', '6110047340', 673),
	(672, '1998-03-10', 'email_672@gmail.com', 'Name #672', '1196403794', 674),
	(673, '1998-07-15', 'email_673@gmail.com', 'Name #673', '6825731742', 675),
	(674, '1998-11-09', 'email_674@gmail.com', 'Name #674', '3850515075', 676),
	(675, '1998-09-10', 'email_675@gmail.com', 'Name #675', '3227309210', 677),
	(676, '1998-01-22', 'email_676@gmail.com', 'Name #676', '5452071307', 678),
	(677, '1998-04-05', 'email_677@gmail.com', 'Name #677', '4325271983', 679),
	(678, '1998-01-11', 'email_678@gmail.com', 'Name #678', '3390608502', 680),
	(679, '1998-01-23', 'email_679@gmail.com', 'Name #679', '4441673151', 681),
	(680, '1998-07-28', 'email_680@gmail.com', 'Name #680', '6089508856', 682),
	(681, '1998-04-03', 'email_681@gmail.com', 'Name #681', '9187376029', 683),
	(682, '1998-04-18', 'email_682@gmail.com', 'Name #682', '3836669415', 684),
	(683, '1998-04-24', 'email_683@gmail.com', 'Name #683', '8076981492', 685),
	(684, '1998-04-19', 'email_684@gmail.com', 'Name #684', '2046704509', 686),
	(685, '1998-04-01', 'email_685@gmail.com', 'Name #685', '7078682094', 687),
	(686, '1998-01-23', 'email_686@gmail.com', 'Name #686', '1407549223', 688),
	(687, '1998-10-11', 'email_687@gmail.com', 'Name #687', '3942312302', 689),
	(688, '1998-07-21', 'email_688@gmail.com', 'Name #688', '5983885724', 690),
	(689, '1998-02-25', 'email_689@gmail.com', 'Name #689', '4772244794', 691),
	(690, '1998-01-17', 'email_690@gmail.com', 'Name #690', '1277549180', 692),
	(691, '1998-08-23', 'email_691@gmail.com', 'Name #691', '7699058104', 693),
	(692, '1998-08-09', 'email_692@gmail.com', 'Name #692', '8350745070', 694),
	(693, '1998-06-24', 'email_693@gmail.com', 'Name #693', '7843060707', 695),
	(694, '1998-07-22', 'email_694@gmail.com', 'Name #694', '7773686789', 696),
	(695, '1998-06-16', 'email_695@gmail.com', 'Name #695', '2253607379', 697),
	(696, '1998-01-18', 'email_696@gmail.com', 'Name #696', '5419578048', 698),
	(697, '1998-05-22', 'email_697@gmail.com', 'Name #697', '4531242167', 699),
	(698, '1998-11-01', 'email_698@gmail.com', 'Name #698', '5229501755', 700),
	(699, '1998-05-16', 'email_699@gmail.com', 'Name #699', '9686443840', 701),
	(700, '1998-03-26', 'email_700@gmail.com', 'Name #700', '4849605606', 702),
	(701, '1998-01-12', 'email_701@gmail.com', 'Name #701', '4398960036', 703),
	(702, '1998-11-12', 'email_702@gmail.com', 'Name #702', '6997987632', 704),
	(703, '1998-02-02', 'email_703@gmail.com', 'Name #703', '2527148851', 705),
	(704, '1998-07-05', 'email_704@gmail.com', 'Name #704', '6766949169', 706),
	(705, '1998-11-20', 'email_705@gmail.com', 'Name #705', '5782822954', 707),
	(706, '1998-08-02', 'email_706@gmail.com', 'Name #706', '8110773987', 708),
	(707, '1998-06-05', 'email_707@gmail.com', 'Name #707', '9165114121', 709),
	(708, '1998-06-10', 'email_708@gmail.com', 'Name #708', '7129047411', 710),
	(709, '1998-10-23', 'email_709@gmail.com', 'Name #709', '3457601579', 711),
	(710, '1998-06-01', 'email_710@gmail.com', 'Name #710', '8448268521', 712),
	(711, '1998-04-08', 'email_711@gmail.com', 'Name #711', '1909931554', 713),
	(712, '1998-09-09', 'email_712@gmail.com', 'Name #712', '9770084096', 714),
	(713, '1998-10-05', 'email_713@gmail.com', 'Name #713', '2198911900', 715),
	(714, '1998-10-16', 'email_714@gmail.com', 'Name #714', '5341567147', 716),
	(715, '1998-11-23', 'email_715@gmail.com', 'Name #715', '2744802294', 717),
	(716, '1998-06-28', 'email_716@gmail.com', 'Name #716', '7887275646', 718),
	(717, '1998-10-22', 'email_717@gmail.com', 'Name #717', '4618240443', 719),
	(718, '1998-10-25', 'email_718@gmail.com', 'Name #718', '2011958709', 720),
	(719, '1998-10-10', 'email_719@gmail.com', 'Name #719', '4610374385', 721),
	(720, '1998-03-05', 'email_720@gmail.com', 'Name #720', '3897557365', 722),
	(721, '1998-02-17', 'email_721@gmail.com', 'Name #721', '4060556233', 723),
	(722, '1998-06-02', 'email_722@gmail.com', 'Name #722', '1740762228', 724),
	(723, '1998-11-20', 'email_723@gmail.com', 'Name #723', '6761816538', 725),
	(724, '1998-11-04', 'email_724@gmail.com', 'Name #724', '6828747150', 726),
	(725, '1998-02-27', 'email_725@gmail.com', 'Name #725', '9182147816', 727),
	(726, '1998-10-10', 'email_726@gmail.com', 'Name #726', '2566086614', 728),
	(727, '1998-06-04', 'email_727@gmail.com', 'Name #727', '9153326366', 729),
	(728, '1998-08-01', 'email_728@gmail.com', 'Name #728', '1643386430', 730),
	(729, '1998-02-23', 'email_729@gmail.com', 'Name #729', '4889755757', 731),
	(730, '1998-05-04', 'email_730@gmail.com', 'Name #730', '4764597204', 732),
	(731, '1998-11-20', 'email_731@gmail.com', 'Name #731', '8474270600', 733),
	(732, '1998-04-14', 'email_732@gmail.com', 'Name #732', '7079305602', 734),
	(733, '1998-09-26', 'email_733@gmail.com', 'Name #733', '3439917502', 735),
	(734, '1998-05-13', 'email_734@gmail.com', 'Name #734', '4277039642', 736),
	(735, '1998-07-01', 'email_735@gmail.com', 'Name #735', '1294714291', 737),
	(736, '1998-07-27', 'email_736@gmail.com', 'Name #736', '3839177819', 738),
	(737, '1998-03-03', 'email_737@gmail.com', 'Name #737', '4159090180', 739),
	(738, '1998-09-12', 'email_738@gmail.com', 'Name #738', '3100167404', 740),
	(739, '1998-08-19', 'email_739@gmail.com', 'Name #739', '1200935805', 741),
	(740, '1998-07-17', 'email_740@gmail.com', 'Name #740', '7921949139', 742),
	(741, '1998-04-23', 'email_741@gmail.com', 'Name #741', '7650280609', 743),
	(742, '1998-02-24', 'email_742@gmail.com', 'Name #742', '1482011793', 744),
	(743, '1998-01-21', 'email_743@gmail.com', 'Name #743', '8390098829', 745),
	(744, '1998-09-21', 'email_744@gmail.com', 'Name #744', '1373559509', 746),
	(745, '1998-07-08', 'email_745@gmail.com', 'Name #745', '9192234433', 747),
	(746, '1998-08-15', 'email_746@gmail.com', 'Name #746', '4142809882', 748),
	(747, '1998-12-25', 'email_747@gmail.com', 'Name #747', '4165134596', 749),
	(748, '1998-10-12', 'email_748@gmail.com', 'Name #748', '8904902831', 750),
	(749, '1998-04-09', 'email_749@gmail.com', 'Name #749', '4203394643', 751),
	(750, '1998-02-16', 'email_750@gmail.com', 'Name #750', '3648851674', 752),
	(751, '1998-05-10', 'email_751@gmail.com', 'Name #751', '5314769806', 753),
	(752, '1998-04-16', 'email_752@gmail.com', 'Name #752', '7086940529', 754),
	(753, '1998-03-11', 'email_753@gmail.com', 'Name #753', '4048156583', 755),
	(754, '1998-10-24', 'email_754@gmail.com', 'Name #754', '9514495174', 756),
	(755, '1998-01-20', 'email_755@gmail.com', 'Name #755', '9943712152', 757),
	(756, '1998-06-14', 'email_756@gmail.com', 'Name #756', '8412944213', 758),
	(757, '1998-02-11', 'email_757@gmail.com', 'Name #757', '2155739472', 759),
	(758, '1998-03-07', 'email_758@gmail.com', 'Name #758', '5197945933', 760),
	(759, '1998-04-21', 'email_759@gmail.com', 'Name #759', '3171433282', 761),
	(760, '1998-12-01', 'email_760@gmail.com', 'Name #760', '1690106944', 762),
	(761, '1998-04-21', 'email_761@gmail.com', 'Name #761', '2871308202', 763),
	(762, '1998-06-03', 'email_762@gmail.com', 'Name #762', '8681260624', 764),
	(763, '1998-03-12', 'email_763@gmail.com', 'Name #763', '4899512709', 765),
	(764, '1998-06-25', 'email_764@gmail.com', 'Name #764', '7204746775', 766),
	(765, '1998-01-18', 'email_765@gmail.com', 'Name #765', '3146773932', 767),
	(766, '1998-03-06', 'email_766@gmail.com', 'Name #766', '7804593713', 768),
	(767, '1998-07-24', 'email_767@gmail.com', 'Name #767', '1955201076', 769),
	(768, '1998-05-20', 'email_768@gmail.com', 'Name #768', '2532151833', 770),
	(769, '1998-04-20', 'email_769@gmail.com', 'Name #769', '9717993445', 771),
	(770, '1998-01-11', 'email_770@gmail.com', 'Name #770', '1809703542', 772),
	(771, '1998-09-01', 'email_771@gmail.com', 'Name #771', '7753989198', 773),
	(772, '1998-09-14', 'email_772@gmail.com', 'Name #772', '7306807450', 774),
	(773, '1998-06-28', 'email_773@gmail.com', 'Name #773', '6139755282', 775),
	(774, '1998-06-27', 'email_774@gmail.com', 'Name #774', '4583179894', 776),
	(775, '1998-09-01', 'email_775@gmail.com', 'Name #775', '9210314097', 777),
	(776, '1998-10-07', 'email_776@gmail.com', 'Name #776', '6967771468', 778),
	(777, '1998-01-09', 'email_777@gmail.com', 'Name #777', '8694496237', 779),
	(778, '1998-08-15', 'email_778@gmail.com', 'Name #778', '1514495994', 780),
	(779, '1998-12-15', 'email_779@gmail.com', 'Name #779', '5426432551', 781),
	(780, '1998-03-26', 'email_780@gmail.com', 'Name #780', '8490850351', 782),
	(781, '1998-06-05', 'email_781@gmail.com', 'Name #781', '4713210197', 783),
	(782, '1998-02-11', 'email_782@gmail.com', 'Name #782', '9602359020', 784),
	(783, '1998-06-21', 'email_783@gmail.com', 'Name #783', '2812423531', 785),
	(784, '1998-10-02', 'email_784@gmail.com', 'Name #784', '1192437937', 786),
	(785, '1998-07-18', 'email_785@gmail.com', 'Name #785', '5286948467', 787),
	(786, '1998-05-23', 'email_786@gmail.com', 'Name #786', '8212915961', 788),
	(787, '1998-05-16', 'email_787@gmail.com', 'Name #787', '7703853603', 789),
	(788, '1998-07-07', 'email_788@gmail.com', 'Name #788', '2921089556', 790),
	(789, '1998-03-01', 'email_789@gmail.com', 'Name #789', '3478981874', 791),
	(790, '1998-08-17', 'email_790@gmail.com', 'Name #790', '9926776585', 792),
	(791, '1998-12-05', 'email_791@gmail.com', 'Name #791', '8643142574', 793),
	(792, '1998-10-28', 'email_792@gmail.com', 'Name #792', '6530815110', 794),
	(793, '1998-09-25', 'email_793@gmail.com', 'Name #793', '1831445221', 795),
	(794, '1998-06-03', 'email_794@gmail.com', 'Name #794', '8270164268', 796),
	(795, '1998-01-12', 'email_795@gmail.com', 'Name #795', '4862019062', 797),
	(796, '1998-05-22', 'email_796@gmail.com', 'Name #796', '6544869051', 798),
	(797, '1998-06-03', 'email_797@gmail.com', 'Name #797', '1764742059', 799),
	(798, '1998-07-28', 'email_798@gmail.com', 'Name #798', '9463974326', 800),
	(799, '1998-09-11', 'email_799@gmail.com', 'Name #799', '6884614765', 801),
	(800, '1998-03-06', 'email_800@gmail.com', 'Name #800', '1514636707', 802),
	(801, '1998-05-02', 'email_801@gmail.com', 'Name #801', '1840467541', 803),
	(802, '1998-08-26', 'email_802@gmail.com', 'Name #802', '6207021955', 804),
	(803, '1998-12-27', 'email_803@gmail.com', 'Name #803', '6441279723', 805),
	(804, '1998-09-14', 'email_804@gmail.com', 'Name #804', '7525227361', 806),
	(805, '1998-08-15', 'email_805@gmail.com', 'Name #805', '1625680773', 807),
	(806, '1998-08-15', 'email_806@gmail.com', 'Name #806', '9557396426', 808),
	(807, '1998-02-20', 'email_807@gmail.com', 'Name #807', '7414301845', 809),
	(808, '1998-08-11', 'email_808@gmail.com', 'Name #808', '2724777464', 810),
	(809, '1998-06-24', 'email_809@gmail.com', 'Name #809', '5205537079', 811),
	(810, '1998-12-07', 'email_810@gmail.com', 'Name #810', '5667478787', 812),
	(811, '1998-01-20', 'email_811@gmail.com', 'Name #811', '5467587294', 813),
	(812, '1998-12-18', 'email_812@gmail.com', 'Name #812', '5902761958', 814),
	(813, '1998-04-03', 'email_813@gmail.com', 'Name #813', '5839122914', 815),
	(814, '1998-04-11', 'email_814@gmail.com', 'Name #814', '3691333603', 816),
	(815, '1998-01-08', 'email_815@gmail.com', 'Name #815', '6753374856', 817),
	(816, '1998-09-22', 'email_816@gmail.com', 'Name #816', '6108091012', 818),
	(817, '1998-04-07', 'email_817@gmail.com', 'Name #817', '8362535783', 819),
	(818, '1998-08-07', 'email_818@gmail.com', 'Name #818', '8897380246', 820),
	(819, '1998-06-03', 'email_819@gmail.com', 'Name #819', '2592231002', 821),
	(820, '1998-09-03', 'email_820@gmail.com', 'Name #820', '6004907731', 822),
	(821, '1998-03-05', 'email_821@gmail.com', 'Name #821', '5487057247', 823),
	(822, '1998-09-03', 'email_822@gmail.com', 'Name #822', '6205878211', 824),
	(823, '1998-10-12', 'email_823@gmail.com', 'Name #823', '2941787715', 825),
	(824, '1998-12-02', 'email_824@gmail.com', 'Name #824', '9629318127', 826),
	(825, '1998-07-19', 'email_825@gmail.com', 'Name #825', '8135337343', 827),
	(826, '1998-09-16', 'email_826@gmail.com', 'Name #826', '5989269915', 828),
	(827, '1998-06-03', 'email_827@gmail.com', 'Name #827', '9817709035', 829),
	(828, '1998-05-22', 'email_828@gmail.com', 'Name #828', '1885163318', 830),
	(829, '1998-06-26', 'email_829@gmail.com', 'Name #829', '4986776798', 831),
	(830, '1998-07-26', 'email_830@gmail.com', 'Name #830', '9584033640', 832),
	(831, '1998-05-06', 'email_831@gmail.com', 'Name #831', '2594937903', 833),
	(832, '1998-03-12', 'email_832@gmail.com', 'Name #832', '4490477424', 834),
	(833, '1998-09-14', 'email_833@gmail.com', 'Name #833', '9618069140', 835),
	(834, '1998-06-13', 'email_834@gmail.com', 'Name #834', '1987112681', 836),
	(835, '1998-05-12', 'email_835@gmail.com', 'Name #835', '3265984085', 837),
	(836, '1998-09-25', 'email_836@gmail.com', 'Name #836', '4417017767', 838),
	(837, '1998-07-15', 'email_837@gmail.com', 'Name #837', '9027796091', 839),
	(838, '1998-06-16', 'email_838@gmail.com', 'Name #838', '5587399386', 840),
	(839, '1998-01-16', 'email_839@gmail.com', 'Name #839', '4175016930', 841),
	(840, '1998-11-02', 'email_840@gmail.com', 'Name #840', '2916217103', 842),
	(841, '1998-12-24', 'email_841@gmail.com', 'Name #841', '4537771416', 843),
	(842, '1998-11-04', 'email_842@gmail.com', 'Name #842', '7801805255', 844),
	(843, '1998-12-09', 'email_843@gmail.com', 'Name #843', '7298131970', 845),
	(844, '1998-03-10', 'email_844@gmail.com', 'Name #844', '1730349334', 846),
	(845, '1998-11-07', 'email_845@gmail.com', 'Name #845', '9279719594', 847),
	(846, '1998-09-24', 'email_846@gmail.com', 'Name #846', '1377397265', 848),
	(847, '1998-01-26', 'email_847@gmail.com', 'Name #847', '3501270631', 849),
	(848, '1998-01-21', 'email_848@gmail.com', 'Name #848', '9276667811', 850),
	(849, '1998-09-06', 'email_849@gmail.com', 'Name #849', '4798410592', 851),
	(850, '1998-09-27', 'email_850@gmail.com', 'Name #850', '8308182421', 852),
	(851, '1998-02-26', 'email_851@gmail.com', 'Name #851', '7916467926', 853),
	(852, '1998-01-20', 'email_852@gmail.com', 'Name #852', '2416747449', 854),
	(853, '1998-08-02', 'email_853@gmail.com', 'Name #853', '2885625926', 855),
	(854, '1998-08-10', 'email_854@gmail.com', 'Name #854', '4344722459', 856),
	(855, '1998-07-11', 'email_855@gmail.com', 'Name #855', '3177674488', 857),
	(856, '1998-12-19', 'email_856@gmail.com', 'Name #856', '8933075820', 858),
	(857, '1998-09-06', 'email_857@gmail.com', 'Name #857', '7468151055', 859),
	(858, '1998-08-05', 'email_858@gmail.com', 'Name #858', '2028352299', 860),
	(859, '1998-12-18', 'email_859@gmail.com', 'Name #859', '3586264734', 861),
	(860, '1998-07-01', 'email_860@gmail.com', 'Name #860', '6716030433', 862),
	(861, '1998-11-07', 'email_861@gmail.com', 'Name #861', '2850941259', 863),
	(862, '1998-02-01', 'email_862@gmail.com', 'Name #862', '1658433328', 864),
	(863, '1998-07-04', 'email_863@gmail.com', 'Name #863', '7023689314', 865),
	(864, '1998-08-24', 'email_864@gmail.com', 'Name #864', '6366169409', 866),
	(865, '1998-06-11', 'email_865@gmail.com', 'Name #865', '6152820737', 867),
	(866, '1998-11-06', 'email_866@gmail.com', 'Name #866', '6435900224', 868),
	(867, '1998-12-09', 'email_867@gmail.com', 'Name #867', '2757916931', 869),
	(868, '1998-03-10', 'email_868@gmail.com', 'Name #868', '6312032037', 870),
	(869, '1998-06-25', 'email_869@gmail.com', 'Name #869', '3110846692', 871),
	(870, '1998-07-17', 'email_870@gmail.com', 'Name #870', '4369137529', 872),
	(871, '1998-11-19', 'email_871@gmail.com', 'Name #871', '6595517944', 873),
	(872, '1998-03-04', 'email_872@gmail.com', 'Name #872', '4786022818', 874),
	(873, '1998-02-02', 'email_873@gmail.com', 'Name #873', '3370741144', 875),
	(874, '1998-08-01', 'email_874@gmail.com', 'Name #874', '5767939860', 876),
	(875, '1998-10-14', 'email_875@gmail.com', 'Name #875', '1687060562', 877),
	(876, '1998-11-04', 'email_876@gmail.com', 'Name #876', '8067018997', 878),
	(877, '1998-02-28', 'email_877@gmail.com', 'Name #877', '7697104724', 879),
	(878, '1998-10-17', 'email_878@gmail.com', 'Name #878', '3961260348', 880),
	(879, '1998-01-16', 'email_879@gmail.com', 'Name #879', '4371478878', 881),
	(880, '1998-03-10', 'email_880@gmail.com', 'Name #880', '2513477670', 882),
	(881, '1998-10-14', 'email_881@gmail.com', 'Name #881', '8973008361', 883),
	(882, '1998-10-15', 'email_882@gmail.com', 'Name #882', '7897581821', 884),
	(883, '1998-05-17', 'email_883@gmail.com', 'Name #883', '1272626991', 885),
	(884, '1998-01-17', 'email_884@gmail.com', 'Name #884', '2297076815', 886),
	(885, '1998-08-25', 'email_885@gmail.com', 'Name #885', '9328287104', 887),
	(886, '1998-10-13', 'email_886@gmail.com', 'Name #886', '1590279840', 888),
	(887, '1998-05-06', 'email_887@gmail.com', 'Name #887', '3540102350', 889),
	(888, '1998-12-22', 'email_888@gmail.com', 'Name #888', '6765878013', 890),
	(889, '1998-03-02', 'email_889@gmail.com', 'Name #889', '1332175382', 891),
	(890, '1998-09-14', 'email_890@gmail.com', 'Name #890', '4777936453', 892),
	(891, '1998-01-25', 'email_891@gmail.com', 'Name #891', '4175016996', 893),
	(892, '1998-09-26', 'email_892@gmail.com', 'Name #892', '9170435812', 894),
	(893, '1998-11-09', 'email_893@gmail.com', 'Name #893', '8527569002', 895),
	(894, '1998-04-28', 'email_894@gmail.com', 'Name #894', '5060691638', 896),
	(895, '1998-11-14', 'email_895@gmail.com', 'Name #895', '8806627669', 897),
	(896, '1998-02-27', 'email_896@gmail.com', 'Name #896', '5033861365', 898),
	(897, '1998-03-19', 'email_897@gmail.com', 'Name #897', '4533928124', 899),
	(898, '1998-11-11', 'email_898@gmail.com', 'Name #898', '5438892305', 900),
	(899, '1998-01-09', 'email_899@gmail.com', 'Name #899', '4980050166', 901),
	(900, '1998-02-10', 'email_900@gmail.com', 'Name #900', '9788057267', 902),
	(901, '1998-04-17', 'email_901@gmail.com', 'Name #901', '1949150703', 903),
	(902, '1998-02-27', 'email_902@gmail.com', 'Name #902', '3291127093', 904),
	(903, '1998-03-02', 'email_903@gmail.com', 'Name #903', '3272091358', 905),
	(904, '1998-08-17', 'email_904@gmail.com', 'Name #904', '3247490152', 906),
	(905, '1998-12-06', 'email_905@gmail.com', 'Name #905', '9522245446', 907),
	(906, '1998-02-04', 'email_906@gmail.com', 'Name #906', '7420815458', 908),
	(907, '1998-02-06', 'email_907@gmail.com', 'Name #907', '5947893200', 909),
	(908, '1998-09-20', 'email_908@gmail.com', 'Name #908', '5794361659', 910),
	(909, '1998-04-19', 'email_909@gmail.com', 'Name #909', '1952040305', 911),
	(910, '1998-10-07', 'email_910@gmail.com', 'Name #910', '7205964356', 912),
	(911, '1998-10-05', 'email_911@gmail.com', 'Name #911', '6370198581', 913),
	(912, '1998-09-11', 'email_912@gmail.com', 'Name #912', '8892721252', 914),
	(913, '1998-03-16', 'email_913@gmail.com', 'Name #913', '8308227888', 915),
	(914, '1998-10-12', 'email_914@gmail.com', 'Name #914', '5353196815', 916),
	(915, '1998-01-23', 'email_915@gmail.com', 'Name #915', '8586317492', 917),
	(916, '1998-10-08', 'email_916@gmail.com', 'Name #916', '7521854901', 918),
	(917, '1998-01-21', 'email_917@gmail.com', 'Name #917', '6206052924', 919),
	(918, '1998-12-21', 'email_918@gmail.com', 'Name #918', '2635269723', 920),
	(919, '1998-06-25', 'email_919@gmail.com', 'Name #919', '7229738173', 921),
	(920, '1998-02-24', 'email_920@gmail.com', 'Name #920', '2081347633', 922),
	(921, '1998-09-25', 'email_921@gmail.com', 'Name #921', '9904771796', 923),
	(922, '1998-06-01', 'email_922@gmail.com', 'Name #922', '1128581520', 924),
	(923, '1998-08-19', 'email_923@gmail.com', 'Name #923', '8855866672', 925),
	(924, '1998-01-22', 'email_924@gmail.com', 'Name #924', '6554576270', 926),
	(925, '1998-04-05', 'email_925@gmail.com', 'Name #925', '1848254125', 927),
	(926, '1998-02-21', 'email_926@gmail.com', 'Name #926', '3729749761', 928),
	(927, '1998-05-11', 'email_927@gmail.com', 'Name #927', '3340435601', 929),
	(928, '1998-01-13', 'email_928@gmail.com', 'Name #928', '4980712806', 930),
	(929, '1998-08-15', 'email_929@gmail.com', 'Name #929', '7285109175', 931),
	(930, '1998-11-28', 'email_930@gmail.com', 'Name #930', '1680755036', 932),
	(931, '1998-08-25', 'email_931@gmail.com', 'Name #931', '4591581574', 933),
	(932, '1998-02-12', 'email_932@gmail.com', 'Name #932', '8816599064', 934),
	(933, '1998-03-26', 'email_933@gmail.com', 'Name #933', '5326641453', 935),
	(934, '1998-01-01', 'email_934@gmail.com', 'Name #934', '3194197423', 936),
	(935, '1998-04-12', 'email_935@gmail.com', 'Name #935', '3239284309', 937),
	(936, '1998-11-20', 'email_936@gmail.com', 'Name #936', '2532436306', 938),
	(937, '1998-06-07', 'email_937@gmail.com', 'Name #937', '4278014259', 939),
	(938, '1998-06-22', 'email_938@gmail.com', 'Name #938', '2910022882', 940),
	(939, '1998-03-18', 'email_939@gmail.com', 'Name #939', '7216100449', 941),
	(940, '1998-07-07', 'email_940@gmail.com', 'Name #940', '7454826033', 942),
	(941, '1998-03-28', 'email_941@gmail.com', 'Name #941', '9871804193', 943),
	(942, '1998-12-10', 'email_942@gmail.com', 'Name #942', '4910217770', 944),
	(943, '1998-01-11', 'email_943@gmail.com', 'Name #943', '1664097869', 945),
	(944, '1998-05-01', 'email_944@gmail.com', 'Name #944', '8199606238', 946),
	(945, '1998-04-08', 'email_945@gmail.com', 'Name #945', '3969582845', 947),
	(946, '1998-01-10', 'email_946@gmail.com', 'Name #946', '8928657771', 948),
	(947, '1998-07-01', 'email_947@gmail.com', 'Name #947', '3680540286', 949),
	(948, '1998-09-02', 'email_948@gmail.com', 'Name #948', '9353752754', 950),
	(949, '1998-02-11', 'email_949@gmail.com', 'Name #949', '7850451188', 951),
	(950, '1998-08-18', 'email_950@gmail.com', 'Name #950', '6032154556', 952),
	(951, '1998-01-19', 'email_951@gmail.com', 'Name #951', '1686202260', 953),
	(952, '1998-09-12', 'email_952@gmail.com', 'Name #952', '5128745297', 954),
	(953, '1998-03-01', 'email_953@gmail.com', 'Name #953', '9176429192', 955),
	(954, '1998-09-28', 'email_954@gmail.com', 'Name #954', '5055581365', 956),
	(955, '1998-01-25', 'email_955@gmail.com', 'Name #955', '5723264640', 957),
	(956, '1998-10-16', 'email_956@gmail.com', 'Name #956', '8148021256', 958),
	(957, '1998-09-26', 'email_957@gmail.com', 'Name #957', '4436980297', 959),
	(958, '1998-02-26', 'email_958@gmail.com', 'Name #958', '2171347826', 960),
	(959, '1998-02-12', 'email_959@gmail.com', 'Name #959', '4827220142', 961),
	(960, '1998-01-25', 'email_960@gmail.com', 'Name #960', '2889369041', 962),
	(961, '1998-05-18', 'email_961@gmail.com', 'Name #961', '4677303320', 963),
	(962, '1998-09-10', 'email_962@gmail.com', 'Name #962', '4876184288', 964),
	(963, '1998-06-09', 'email_963@gmail.com', 'Name #963', '5970882170', 965),
	(964, '1998-07-22', 'email_964@gmail.com', 'Name #964', '4714594885', 966),
	(965, '1998-02-05', 'email_965@gmail.com', 'Name #965', '7201433301', 967),
	(966, '1998-08-24', 'email_966@gmail.com', 'Name #966', '7889496366', 968),
	(967, '1998-04-22', 'email_967@gmail.com', 'Name #967', '9573388677', 969),
	(968, '1998-06-02', 'email_968@gmail.com', 'Name #968', '1817520848', 970),
	(969, '1998-04-26', 'email_969@gmail.com', 'Name #969', '2997499783', 971),
	(970, '1998-01-14', 'email_970@gmail.com', 'Name #970', '7619808252', 972),
	(971, '1998-07-26', 'email_971@gmail.com', 'Name #971', '8009951704', 973),
	(972, '1998-02-13', 'email_972@gmail.com', 'Name #972', '1460803647', 974),
	(973, '1998-06-22', 'email_973@gmail.com', 'Name #973', '5077260019', 975),
	(974, '1998-06-13', 'email_974@gmail.com', 'Name #974', '1712836222', 976),
	(975, '1998-03-19', 'email_975@gmail.com', 'Name #975', '4281059750', 977),
	(976, '1998-06-03', 'email_976@gmail.com', 'Name #976', '5849081708', 978),
	(977, '1998-01-17', 'email_977@gmail.com', 'Name #977', '8353010042', 979),
	(978, '1998-03-05', 'email_978@gmail.com', 'Name #978', '2932620912', 980),
	(979, '1998-08-10', 'email_979@gmail.com', 'Name #979', '1165988349', 981),
	(980, '1998-09-19', 'email_980@gmail.com', 'Name #980', '6009752494', 982),
	(981, '1998-03-07', 'email_981@gmail.com', 'Name #981', '8511506998', 983),
	(982, '1998-12-27', 'email_982@gmail.com', 'Name #982', '7262262346', 984),
	(983, '1998-02-12', 'email_983@gmail.com', 'Name #983', '5293569300', 985),
	(984, '1998-01-15', 'email_984@gmail.com', 'Name #984', '7969718540', 986),
	(985, '1998-01-02', 'email_985@gmail.com', 'Name #985', '3985925115', 987),
	(986, '1998-08-12', 'email_986@gmail.com', 'Name #986', '6028028772', 988),
	(987, '1998-04-10', 'email_987@gmail.com', 'Name #987', '4951666629', 989),
	(988, '1998-12-22', 'email_988@gmail.com', 'Name #988', '9093451306', 990),
	(989, '1998-10-17', 'email_989@gmail.com', 'Name #989', '4670262777', 991),
	(990, '1998-06-03', 'email_990@gmail.com', 'Name #990', '9447861689', 992),
	(991, '1998-12-05', 'email_991@gmail.com', 'Name #991', '9644791899', 993),
	(992, '1998-03-11', 'email_992@gmail.com', 'Name #992', '8839911969', 994),
	(993, '1998-07-02', 'email_993@gmail.com', 'Name #993', '6654157047', 995),
	(994, '1998-07-13', 'email_994@gmail.com', 'Name #994', '1852388070', 996),
	(995, '1998-05-28', 'email_995@gmail.com', 'Name #995', '1345329803', 997),
	(996, '1998-01-09', 'email_996@gmail.com', 'Name #996', '3989249826', 998),
	(997, '1998-01-17', 'email_997@gmail.com', 'Name #997', '3331409016', 999),
	(998, '1998-01-04', 'email_998@gmail.com', 'Name #998', '3731057875', 1000),
	(999, '1998-10-19', 'email_999@gmail.com', 'Name #999', '5268716997', 1001),
	(1001, '2023-11-18', 'minhan200702@g1mail.com', 'vo ngoc minh an1', '1', 1023),
	(1003, '2023-10-07', 'testlab05www@gmail.com', 'vo ngoc minh an', '1231231231', 1003),
	(1004, '2023-11-15', 'huong0902le@gmail.com', 'Teo', '0837710747', 1026),
	(1007, '2023-11-18', 'voongocminhan20072002@gmail.com1', 'vo ngoc minh an', '08377107471', 1029);

-- Dumping structure for table works.candidate_skill
CREATE TABLE IF NOT EXISTS `candidate_skill` (
  `more_infos` varchar(1000) DEFAULT NULL,
  `skill_level` tinyint(4) NOT NULL CHECK (`skill_level` between 0 and 4),
  `skill_id` bigint(20) NOT NULL,
  `can_id` bigint(20) NOT NULL,
  PRIMARY KEY (`can_id`,`skill_id`),
  KEY `FKb7cxhiqhcah7c20a2cdlvr1f8` (`skill_id`),
  CONSTRAINT `FKb0m5tm3fi0upa3b3kjx3vrlxs` FOREIGN KEY (`can_id`) REFERENCES `candidate` (`can_id`),
  CONSTRAINT `FKb7cxhiqhcah7c20a2cdlvr1f8` FOREIGN KEY (`skill_id`) REFERENCES `skill` (`skill_id`)
) ENGINE=InnoDB DEFAULT CHARSET=latin1 COLLATE=latin1_swedish_ci;

-- Dumping data for table works.candidate_skill: ~12 rows (approximately)
INSERT INTO `candidate_skill` (`more_infos`, `skill_level`, `skill_id`, `can_id`) VALUES
	('1123123', 0, 1, 1),
	('Intern Angular ', 4, 2, 1),
	('1123123', 0, 3, 1),
	('123123', 0, 6, 1),
	('1123123', 0, 7, 1),
	('Test', 0, 8, 1),
	('1123123', 2, 9, 2),
	('Test', 0, 1, 3),
	('1123123', 0, 1, 1003),
	('1123123', 0, 7, 1003),
	('1123123', 2, 1, 1004),
	('1123123', 0, 5, 1004);

-- Dumping structure for table works.company
CREATE TABLE IF NOT EXISTS `company` (
  `com_id` bigint(20) NOT NULL AUTO_INCREMENT,
  `about` varchar(2000) DEFAULT NULL,
  `email` varchar(255) NOT NULL,
  `comp_name` varchar(255) NOT NULL,
  `phone` varchar(255) NOT NULL,
  `web_url` varchar(255) DEFAULT NULL,
  `address` bigint(20) NOT NULL,
  PRIMARY KEY (`com_id`),
  UNIQUE KEY `UK_rvp2hunsq4sgmpxe3a7i1ym3m` (`address`),
  CONSTRAINT `FKd5occp4cjwihejbxdbpvkp5tv` FOREIGN KEY (`address`) REFERENCES `address` (`add_id`)
) ENGINE=InnoDB AUTO_INCREMENT=21 DEFAULT CHARSET=latin1 COLLATE=latin1_swedish_ci;

-- Dumping data for table works.company: ~20 rows (approximately)
INSERT INTO `company` (`com_id`, `about`, `email`, `comp_name`, `phone`, `web_url`, `address`) VALUES
	(1, 'about 1', 'Email #1', 'com #1', '012315459', NULL, 1002),
	(2, 'about 2', 'Email #2', 'com #2', '012311327', NULL, 1003),
	(3, 'about 3', 'Email #3', 'com #3', '012314738', NULL, 1004),
	(4, 'about 4', 'Email #4', 'com #4', '012311461', NULL, 1005),
	(5, 'about 5', 'Email #5', 'com #5', '012317523', NULL, 1006),
	(6, 'about 6', 'Email #6', 'com #6', '012316276', NULL, 1007),
	(7, 'about 7', 'Email #7', 'com #7', '012315620', NULL, 1008),
	(8, 'about 8', 'Email #8', 'com #8', '012317985', NULL, 1009),
	(9, 'about 9', 'Email #9', 'com #9', '012316306', NULL, 1010),
	(10, 'about 10', 'Email #10', 'com #10', '012314427', NULL, 1011),
	(11, 'about 11', 'Email #11', 'com #11', '012313377', NULL, 1012),
	(12, 'about 12', 'Email #12', 'com #12', '012314923', NULL, 1013),
	(13, 'about 13', 'Email #13', 'com #13', '012314791', NULL, 1014),
	(14, 'about 14', 'Email #14', 'com #14', '012316999', NULL, 1015),
	(15, 'about 15', 'Email #15', 'com #15', '012318987', NULL, 1016),
	(16, 'about 16', 'Email #16', 'com #16', '012316798', NULL, 1017),
	(17, 'about 17', 'Email #17', 'com #17', '012318956', NULL, 1018),
	(18, 'about 18', 'Email #18', 'com #18', '012319384', NULL, 1019),
	(19, 'about 19', 'Email #19', 'com #19', '012315772', NULL, 1020),
	(20, 'about 20', 'Email #20', 'com #20', '012313926', NULL, 1021);

-- Dumping structure for table works.experience
CREATE TABLE IF NOT EXISTS `experience` (
  `exp_id` bigint(20) NOT NULL AUTO_INCREMENT,
  `company` varchar(120) NOT NULL,
  `from_date` date NOT NULL,
  `role` varchar(100) NOT NULL,
  `to_date` date NOT NULL,
  `work_desc` varchar(400) NOT NULL,
  `can_id` bigint(20) DEFAULT NULL,
  PRIMARY KEY (`exp_id`),
  KEY `FK8d5oqe0wxh52v352i04qnuady` (`can_id`),
  CONSTRAINT `FK8d5oqe0wxh52v352i04qnuady` FOREIGN KEY (`can_id`) REFERENCES `candidate` (`can_id`)
) ENGINE=InnoDB AUTO_INCREMENT=5 DEFAULT CHARSET=latin1 COLLATE=latin1_swedish_ci;

-- Dumping data for table works.experience: ~2 rows (approximately)
INSERT INTO `experience` (`exp_id`, `company`, `from_date`, `role`, `to_date`, `work_desc`, `can_id`) VALUES
	(3, 'TMA', '2023-11-02', 'Super ', '2023-11-05', '12312313', 1004),
	(4, 'FPT', '2023-07-01', 'Intern', '2023-11-26', 'Intern backend Java', 1);

-- Dumping structure for table works.job
CREATE TABLE IF NOT EXISTS `job` (
  `job_id` bigint(20) NOT NULL AUTO_INCREMENT,
  `job_desc` varchar(2000) NOT NULL,
  `job_name` varchar(255) NOT NULL,
  `company` bigint(20) DEFAULT NULL,
  PRIMARY KEY (`job_id`),
  KEY `FKbaqlvluu78phmo9ld89um7wnm` (`company`),
  CONSTRAINT `FKbaqlvluu78phmo9ld89um7wnm` FOREIGN KEY (`company`) REFERENCES `company` (`com_id`)
) ENGINE=InnoDB AUTO_INCREMENT=35 DEFAULT CHARSET=latin1 COLLATE=latin1_swedish_ci;

-- Dumping data for table works.job: ~27 rows (approximately)
INSERT INTO `job` (`job_id`, `job_desc`, `job_name`, `company`) VALUES
	(1, 'Description for Job #1', 'Job #1', 1),
	(2, 'Description for Job #2', 'Job #2', 2),
	(3, 'Description for Job #3', 'Job #3', 3),
	(4, 'Description for Job #4', 'Job #4', 4),
	(5, 'Description for Job #5', 'Job #5', 5),
	(6, 'Description for Job #6', 'Job #6', 6),
	(7, 'Description for Job #7', 'Job #7', 7),
	(8, 'Description for Job #8', 'Job #8', 8),
	(9, 'Description for Job #9', 'Job #9', 9),
	(10, 'Description for Job #10', 'Job #10', 10),
	(11, 'Description for Job #11', 'Job #11', 11),
	(12, 'Description for Job #12', 'Job #12', 12),
	(13, 'Description for Job #13', 'Job #13', 13),
	(14, 'Description for Job #14', 'Job #14', 14),
	(15, 'Description for Job #15', 'Job #15', 15),
	(16, 'Description for Job #16', 'Job #16', 16),
	(17, 'Description for Job #17', 'Job #17', 17),
	(18, 'Description for Job #18', 'Job #18', 18),
	(19, 'Description for Job #19', 'Job #19', 19),
	(20, 'Description for Job #20', 'Job #20', 20),
	(24, '1', '1', 1),
	(29, '1231231231231231231231', 'Vo Ngoc Minh An', 1),
	(30, '12357', 'bbbbb', 1),
	(31, '123123', '1231231231231aaaaa', 1),
	(32, '1231231231', 'Intern Backend', 1),
	(33, '123123123', 'Front end', 1),
	(34, 'Test jobTest jobTest job', 'Test job', 1);

-- Dumping structure for table works.job_skill
CREATE TABLE IF NOT EXISTS `job_skill` (
  `more_infos` varchar(1000) DEFAULT NULL,
  `skill_level` tinyint(4) NOT NULL CHECK (`skill_level` between 0 and 4),
  `job_id` bigint(20) NOT NULL,
  `skill_id` bigint(20) NOT NULL,
  PRIMARY KEY (`job_id`,`skill_id`),
  KEY `FKj33qbbf3vk1lvhqpcosnh54u1` (`skill_id`),
  CONSTRAINT `FK9ix4wg520ii2gu2felxdhdup6` FOREIGN KEY (`job_id`) REFERENCES `job` (`job_id`),
  CONSTRAINT `FKj33qbbf3vk1lvhqpcosnh54u1` FOREIGN KEY (`skill_id`) REFERENCES `skill` (`skill_id`)
) ENGINE=InnoDB DEFAULT CHARSET=latin1 COLLATE=latin1_swedish_ci;

-- Dumping data for table works.job_skill: ~24 rows (approximately)
INSERT INTO `job_skill` (`more_infos`, `skill_level`, `job_id`, `skill_id`) VALUES
	('Toi can test Job Skill', 0, 1, 1),
	('Test', 1, 1, 2),
	('11111', 4, 1, 3),
	(NULL, 4, 1, 4),
	('123123', 0, 1, 5),
	('Toi can test Job Skill Resacrh ', 3, 1, 6),
	('1231231', 3, 1, 8),
	('enlisht', 2, 1, 9),
	('Pro', 1, 1, 10),
	('1123123', 1, 2, 1),
	('DigiEx Group is a leading Technology Company based in the US and Vietnam. Our innovative IT solutions have added value to businesses worldwide and focus on performance, with more than 7 years of experience in providing quality software development, Cloud Migration, and Digital Transformation Solutions for global clients such as the US, UK, Japan, Singapore, and Korea.', 0, 2, 6),
	('123123', 0, 2, 9),
	('123123', 0, 2, 10),
	('1123123', 4, 3, 4),
	('1123123', 1, 4, 1),
	('1123123', 2, 4, 2),
	('Toi can test Job Skill', 4, 4, 4),
	('123123', 2, 5, 2),
	('2', 3, 5, 3),
	('Toi can test Job Skill', 2, 5, 5),
	('123123', 4, 5, 9),
	('1123123', 0, 24, 1),
	('Phan tich vien', 1, 24, 7),
	('1', 1, 31, 1);

-- Dumping structure for table works.skill
CREATE TABLE IF NOT EXISTS `skill` (
  `skill_id` bigint(20) NOT NULL AUTO_INCREMENT,
  `skill_desc` varchar(300) NOT NULL,
  `skill_name` varchar(150) NOT NULL,
  `skill_type` tinyint(4) NOT NULL CHECK (`skill_type` between 0 and 2),
  PRIMARY KEY (`skill_id`)
) ENGINE=InnoDB AUTO_INCREMENT=15 DEFAULT CHARSET=latin1 COLLATE=latin1_swedish_ci;

-- Dumping data for table works.skill: ~14 rows (approximately)
INSERT INTO `skill` (`skill_id`, `skill_desc`, `skill_name`, `skill_type`) VALUES
	(1, 'mobile', 'flutter', 1),
	(2, 'web', 'angular', 1),
	(3, 'game', 'c#', 1),
	(4, 'all', 'java', 1),
	(5, 'DA', 'python', 1),
	(6, 'research', 'research', 2),
	(7, 'research', 'research', 2),
	(8, 'conversation', 'conversation', 0),
	(9, 'tieng anh', 'englist', 0),
	(10, 'DA', 'python', 1),
	(11, '123123123', 'Add', 0),
	(12, '8 ngay 1 tuan', 'Di nhau', 0),
	(13, '8 ngay 1 tuan ', 'Di nhau', 0),
	(14, '8 ngay 2 tuan ', 'Di nhau2', 1);

/*!40103 SET TIME_ZONE=IFNULL(@OLD_TIME_ZONE, 'system') */;
/*!40101 SET SQL_MODE=IFNULL(@OLD_SQL_MODE, '') */;
/*!40014 SET FOREIGN_KEY_CHECKS=IFNULL(@OLD_FOREIGN_KEY_CHECKS, 1) */;
/*!40101 SET CHARACTER_SET_CLIENT=@OLD_CHARACTER_SET_CLIENT */;
/*!40111 SET SQL_NOTES=IFNULL(@OLD_SQL_NOTES, 1) */;
